Date,Open,High,Low,Close,Adj Close,Volume
2015-12-18,46.58,47.18,45.86,46.09,46.09,15071000
2015-12-21,46.34,47.17,46.22,46.51,46.51,9766000
2015-12-22,47.00,47.31,45.93,45.99,45.99,9807500
2015-12-23,46.44,46.69,45.63,45.94,45.94,7775000
2015-12-24,46.11,46.38,45.66,46.11,46.11,3540000
2015-12-28,46.30,46.40,45.11,45.79,45.79,9506500
2015-12-29,46.01,47.54,45.91,47.44,47.44,12031500
2015-12-30,47.32,48.73,47.13,47.62,47.62,18489500
2015-12-31,47.70,48.69,47.67,48.00,48.00,13575000
2016-01-04,46.14,46.28,43.80,44.68,44.68,34135500
2016-01-05,45.27,45.38,44.00,44.69,44.69,15934000
2016-01-06,44.00,44.01,43.20,43.81,43.81,18895500
2016-01-07,42.84,43.69,42.73,43.13,43.13,17771500
2016-01-08,43.57,44.09,42.15,42.20,42.20,18140500
2016-01-11,42.80,42.89,40.60,41.57,41.57,20457000
2016-01-12,42.32,42.75,41.06,41.99,41.99,15459500
2016-01-13,42.40,42.53,40.00,40.06,40.06,20632000
2016-01-14,40.44,42.00,38.68,41.24,41.24,32453500
2016-01-15,39.79,41.01,39.45,41.00,41.00,27893000
2016-01-19,41.74,42.09,40.16,40.94,40.94,20193500
2016-01-20,39.88,40.26,38.25,39.74,39.74,29193000
2016-01-21,40.31,40.65,39.00,39.99,39.99,15831000
2016-01-22,40.96,41.10,39.81,40.51,40.51,15620500
2016-01-25,40.01,40.71,39.18,39.28,39.28,13493500
2016-01-26,39.34,39.56,37.78,38.71,38.71,24821000
2016-01-27,38.48,38.65,37.15,37.61,37.61,18086000
2016-01-28,38.16,38.26,36.48,37.94,37.94,22964000
2016-01-29,37.99,38.75,37.62,38.24,38.24,14261500
2016-02-01,37.75,39.90,36.55,39.39,39.39,26488000
2016-02-02,38.48,38.62,36.05,36.56,36.56,28868000
2016-02-03,36.72,36.79,34.04,34.70,34.70,39657000
2016-02-04,34.14,35.20,33.40,35.07,35.07,21927000
2016-02-05,34.26,34.60,31.55,32.52,32.52,47188000
2016-02-08,31.42,31.43,29.20,29.60,29.60,46565000
2016-02-09,28.46,31.96,28.21,29.65,29.65,43258000
2016-02-10,30.10,30.99,28.35,28.73,28.73,52032500
2016-02-11,30.40,32.65,29.40,30.09,30.09,71262000
2016-02-12,31.00,31.40,28.74,30.21,30.21,36179000
2016-02-16,31.74,32.59,30.82,31.03,31.03,27969000
2016-02-17,31.80,33.87,31.34,33.74,33.74,29126000
2016-02-18,34.48,34.59,32.95,33.35,33.35,19438000
2016-02-19,32.73,33.50,32.50,33.32,33.32,14797000
2016-02-22,34.02,35.78,33.97,35.55,35.55,25300500
2016-02-23,35.23,36.35,34.74,35.44,35.44,29922000
2016-02-24,34.55,35.90,33.57,35.80,35.80,26978000
2016-02-25,35.73,37.70,35.04,37.49,37.49,28753500
2016-02-26,37.74,38.40,37.00,38.07,38.07,30325500
2016-02-29,38.48,39.27,37.84,38.39,38.39,22495000
2016-03-01,38.85,39.19,36.54,37.27,37.27,33561000
2016-03-02,36.75,37.70,36.30,37.67,37.67,24312000
2016-03-03,37.66,39.48,36.84,39.15,39.15,24145000
2016-03-04,39.60,40.81,39.50,40.21,40.21,32445500
2016-03-07,39.54,41.94,39.48,41.06,41.06,26647000
2016-03-08,40.70,41.50,40.44,40.52,40.52,20893500
2016-03-09,40.90,41.87,40.56,41.74,41.74,16043000
2016-03-10,42.00,42.66,40.13,41.04,41.04,25962500
2016-03-11,41.59,41.88,41.07,41.50,41.50,16715500
2016-03-14,42.53,43.34,42.13,43.03,43.03,20328500
2016-03-15,42.85,43.79,42.30,43.67,43.67,15902500
2016-03-16,43.60,44.52,43.40,44.39,44.39,17583500
2016-03-17,44.29,45.70,44.00,45.28,45.28,18914500
2016-03-18,45.82,46.90,45.61,46.55,46.55,23559000
2016-03-21,47.07,47.98,47.00,47.66,47.66,26539000
2016-03-22,47.44,47.80,46.51,46.85,46.85,21580000
2016-03-23,46.47,46.95,44.41,44.52,44.52,24744000
2016-03-24,43.16,45.78,43.00,45.55,45.55,24804500
2016-03-28,46.32,46.96,45.00,46.05,46.05,19628500
2016-03-29,45.98,46.48,45.07,46.03,46.03,20071500
2016-03-30,47.02,47.10,45.30,45.38,45.38,20165000
2016-03-31,45.87,47.48,45.00,45.95,45.95,40064500
2016-04-01,48.97,49.58,46.65,47.52,47.52,79987500
2016-04-04,49.82,50.42,48.73,49.40,49.40,67376500
2016-04-05,48.10,51.31,48.00,51.09,51.09,49743500
2016-04-06,50.79,53.55,50.69,53.08,53.08,58527500
2016-04-07,53.29,53.87,50.90,51.44,51.44,44281000
2016-04-08,52.10,52.16,49.60,50.01,50.01,36819500
2016-04-11,50.20,51.80,49.06,49.98,49.98,45808500
2016-04-12,49.90,50.36,48.73,49.56,49.56,28816000
2016-04-13,49.70,51.10,49.47,50.91,50.91,24628000
2016-04-14,50.60,51.37,50.21,50.37,50.37,20661000
2016-04-15,50.26,50.92,49.82,50.90,50.90,18762000
2016-04-18,50.45,51.66,50.33,50.78,50.78,21357000
2016-04-19,50.62,50.87,48.25,49.47,49.47,31787500
2016-04-20,49.25,50.73,48.30,49.99,49.99,25970500
2016-04-21,49.80,50.18,49.38,49.66,49.66,13915500
2016-04-22,49.78,50.80,49.14,50.75,50.75,18931500
2016-04-25,50.60,51.48,50.15,50.36,50.36,18351500
2016-04-26,50.41,51.15,49.88,50.75,50.75,16119000
2016-04-27,50.55,51.00,49.88,50.29,50.29,16029000
2016-04-28,49.97,50.69,49.49,49.54,49.54,12595000
2016-04-29,49.63,49.69,47.56,48.15,48.15,27069000
2016-05-02,48.30,48.64,46.96,48.36,48.36,19219500
2016-05-03,47.47,47.78,46.32,46.46,46.46,21511000
2016-05-04,46.06,46.89,44.08,44.51,44.51,43502500
2016-05-05,45.69,45.73,41.96,42.31,42.31,56274000
2016-05-06,42.17,43.27,41.62,42.99,42.99,28426000
2016-05-09,43.14,43.23,41.36,41.78,41.78,23882000
2016-05-10,41.51,41.89,41.00,41.74,41.74,20353000
2016-05-11,41.52,43.10,41.21,41.79,41.79,25809500
2016-05-12,42.29,42.33,40.73,41.46,41.46,18252500
2016-05-13,41.56,42.24,41.34,41.52,41.52,14114000
2016-05-16,41.63,42.63,41.58,41.66,41.66,14747000
2016-05-17,41.81,41.96,40.80,40.93,40.93,14218000
2016-05-18,41.83,43.06,41.55,42.23,42.23,28087500
2016-05-19,42.72,43.36,41.46,43.04,43.04,34331500
2016-05-20,43.40,44.11,43.27,44.06,44.06,45035500
2016-05-23,43.97,44.52,43.17,43.24,43.24,25512500
2016-05-24,43.32,43.75,43.04,43.58,43.58,15069000
2016-05-25,43.58,44.27,43.30,43.92,43.92,15634000
2016-05-26,44.10,45.05,43.81,45.02,45.02,20362000
2016-05-27,45.00,45.19,44.15,44.61,44.61,18251500
2016-05-31,44.61,44.95,44.30,44.65,44.65,13945000
2016-06-01,44.30,44.48,43.38,43.91,43.91,14913500
2016-06-02,43.92,43.98,43.42,43.79,43.79,10164000
2016-06-03,44.00,44.39,43.60,43.80,43.80,11145000
2016-06-06,43.60,44.18,43.09,44.14,44.14,11247500
2016-06-07,44.45,46.89,44.30,46.47,46.47,31068000
2016-06-08,46.76,48.17,46.52,47.10,47.10,29860000
2016-06-09,47.00,47.07,45.41,45.87,45.87,22460500
2016-06-10,45.48,45.59,43.68,43.76,43.76,30133000
2016-06-13,43.90,45.15,43.53,43.57,43.57,20965000
2016-06-14,43.78,44.44,42.51,42.99,42.99,17901000
2016-06-15,43.39,44.38,43.03,43.54,43.54,14542500
2016-06-16,43.48,43.61,42.70,43.59,43.59,12201500
2016-06-17,43.56,44.00,42.90,43.09,43.09,15563000
2016-06-20,43.90,44.75,43.65,43.94,43.94,17777500
2016-06-21,44.14,44.51,43.76,43.92,43.92,22645000
2016-06-22,39.89,41.19,39.15,39.33,39.33,118712000
2016-06-23,39.14,39.51,38.43,39.28,39.28,50653500
2016-06-24,38.01,39.02,37.95,38.63,38.63,35132500
2016-06-27,38.17,39.76,37.57,39.71,39.71,36027000
2016-06-28,40.38,40.81,39.88,40.36,40.36,31062000
2016-06-29,41.03,42.36,40.60,42.04,42.04,29974500
2016-06-30,42.59,42.70,41.80,42.46,42.46,24215500
2016-07-01,41.23,43.65,41.20,43.30,43.30,27000000
2016-07-05,41.95,42.91,41.60,42.80,42.80,25876500
2016-07-06,42.00,43.05,41.80,42.89,42.89,24599500
2016-07-07,42.62,43.62,42.60,43.19,43.19,18060000
2016-07-08,43.56,43.96,42.90,43.36,43.36,20374000
2016-07-11,43.99,45.36,43.90,44.96,44.96,27149000
2016-07-12,44.82,45.50,44.64,44.93,44.93,22856500
2016-07-13,45.10,45.12,44.06,44.51,44.51,17835500
2016-07-14,44.62,44.99,44.21,44.31,44.31,13379000
2016-07-15,44.50,44.55,43.93,44.08,44.08,11171000
2016-07-18,43.93,45.42,43.66,45.25,45.25,17060500
2016-07-19,45.00,45.82,44.95,45.05,45.05,15575500
2016-07-20,45.29,45.96,45.00,45.67,45.67,12842500
2016-07-21,45.20,45.57,43.82,44.10,44.10,22143500
2016-07-22,44.40,44.90,43.78,44.45,44.45,12898500
2016-07-25,44.45,46.28,44.27,46.00,46.00,22453500
2016-07-26,45.54,46.00,45.06,45.90,45.90,17150000
2016-07-27,45.87,46.67,45.38,45.70,45.70,14445000
2016-07-28,45.59,46.15,45.32,46.12,46.12,12095500
2016-07-29,46.14,47.06,46.05,46.96,46.96,15354000
2016-08-01,47.10,47.33,45.88,46.00,46.00,20081500
2016-08-02,45.87,45.97,44.28,45.44,45.44,19672000
2016-08-03,45.47,45.94,44.84,45.16,45.16,19439000
2016-08-04,45.14,46.17,44.41,46.12,46.12,20735000
2016-08-05,46.00,46.40,45.48,46.01,46.01,16026000
2016-08-08,45.60,45.92,45.22,45.23,45.23,11318000
2016-08-09,45.36,46.31,45.33,45.82,45.82,11039000
2016-08-10,45.65,45.97,44.92,45.13,45.13,11691500
2016-08-11,45.23,45.51,44.68,44.98,44.98,9404500
2016-08-12,45.08,45.33,44.81,45.12,45.12,9067500
2016-08-15,45.20,45.90,44.99,45.12,45.12,10171500
2016-08-16,45.10,45.44,44.68,44.72,44.72,11335500
2016-08-17,44.87,44.97,44.56,44.65,44.65,8935500
2016-08-18,44.76,45.13,44.46,44.70,44.70,8572500
2016-08-19,44.71,45.03,44.51,45.00,45.00,8297500
2016-08-22,44.83,45.02,44.54,44.59,44.59,10327500
2016-08-23,44.86,45.70,44.56,44.97,44.97,23922000
2016-08-24,45.41,45.43,44.44,44.52,44.52,12853500
2016-08-25,44.62,44.76,44.15,44.19,44.19,8812500
2016-08-26,44.43,44.57,43.76,44.00,44.00,11195000
2016-08-29,44.03,44.08,43.00,43.04,43.04,16331500
2016-08-30,43.22,43.22,42.10,42.27,42.27,15844500
2016-08-31,42.09,42.52,41.73,42.40,42.40,16382500
2016-09-01,41.80,42.22,40.10,40.15,40.15,39715500
2016-09-02,40.47,40.64,39.24,39.56,39.56,29887000
2016-09-06,39.80,40.65,39.80,40.57,40.57,21953000
2016-09-07,41.10,41.30,40.14,40.34,40.34,18204500
2016-09-08,39.91,39.98,39.27,39.47,39.47,16889500
2016-09-09,39.82,39.98,38.74,38.89,38.89,18785000
2016-09-12,39.00,40.27,38.82,39.66,39.66,18576000
2016-09-13,39.41,39.70,38.69,39.21,39.21,17947000
2016-09-14,39.15,39.58,38.97,39.28,39.28,11272500
2016-09-15,39.30,40.50,39.28,40.08,40.08,15386000
2016-09-16,40.08,41.14,39.80,41.08,41.08,15539000
2016-09-19,41.40,41.89,41.00,41.27,41.27,11497500
2016-09-20,41.37,41.55,40.78,40.93,40.93,12052500
2016-09-21,41.27,41.40,40.31,41.04,41.04,13167500
2016-09-22,41.28,41.46,40.60,41.29,41.29,11914500
2016-09-23,41.20,42.04,41.13,41.49,41.49,14526000
2016-09-26,41.30,42.20,41.30,41.80,41.80,11972000
2016-09-27,41.93,42.00,40.92,41.16,41.16,16866000
2016-09-28,41.50,41.65,41.05,41.25,41.25,10442000
2016-09-29,41.12,41.47,40.12,40.14,40.14,13635000
2016-09-30,40.44,41.00,39.91,40.81,40.81,12931500
2016-10-03,42.46,43.13,41.65,42.74,42.74,29999500
2016-10-04,42.62,42.66,41.76,42.28,42.28,17707500
2016-10-05,42.45,42.63,41.62,41.69,41.69,9387500
2016-10-06,40.49,40.84,40.04,40.20,40.20,23517000
2016-10-07,40.20,40.26,39.16,39.32,39.32,17465000
2016-10-10,40.27,40.83,39.93,40.19,40.19,16581500
2016-10-11,40.37,40.44,39.66,40.02,40.02,11642000
2016-10-12,40.19,40.78,40.08,40.30,40.30,9853500
2016-10-13,40.10,40.18,39.41,40.05,40.05,12473000
2016-10-14,40.13,40.29,39.26,39.30,39.30,21349500
2016-10-17,39.41,39.68,38.40,38.79,38.79,22770500
2016-10-18,39.20,39.89,38.65,39.82,39.82,28402500
2016-10-19,39.95,41.33,39.61,40.71,40.71,34956000
2016-10-20,40.42,40.60,39.41,39.82,39.82,25364500
2016-10-21,39.72,40.31,39.48,40.02,40.02,14717000
2016-10-24,40.20,40.79,40.05,40.55,40.55,13758000
2016-10-25,40.58,40.94,40.24,40.47,40.47,12225000
2016-10-26,40.20,40.64,40.02,40.45,40.45,28164000
2016-10-27,42.27,42.74,40.33,40.80,40.80,65468500
2016-10-28,40.80,41.06,39.97,39.99,39.99,21400500
2016-10-31,40.50,40.50,39.16,39.55,39.55,23461500
2016-11-01,39.61,39.70,37.62,38.16,38.16,35300000
2016-11-02,38.01,38.54,37.50,37.60,37.60,21267000
2016-11-03,37.80,38.29,37.41,37.48,37.48,13265000
2016-11-04,37.80,38.69,37.19,38.11,38.11,25730000
2016-11-07,38.72,38.86,38.01,38.64,38.64,19350500
2016-11-08,38.76,39.50,38.25,38.99,38.99,16338000
2016-11-09,37.38,38.40,36.79,38.01,38.01,40865500
2016-11-10,38.21,38.32,36.08,37.07,37.07,33751500
2016-11-11,36.85,37.78,36.60,37.71,37.71,19942500
2016-11-14,37.60,37.65,35.64,36.29,36.29,32761000
2016-11-15,36.56,37.29,36.41,36.75,36.75,19510000
2016-11-16,36.53,36.95,36.24,36.79,36.79,17172000
2016-11-17,36.70,37.90,36.42,37.73,37.73,24435500
2016-11-18,38.13,38.60,37.00,37.00,37.00,26051500
2016-11-21,37.01,37.78,36.88,36.90,36.90,21805000
2016-11-22,37.17,38.29,36.74,38.23,38.23,28017000
2016-11-23,38.12,39.13,37.80,38.63,38.63,24459500
2016-11-25,38.73,39.45,38.73,39.33,39.33,11830500
2016-11-28,39.10,39.87,38.91,39.22,39.22,22646000
2016-11-29,39.11,39.35,37.90,37.91,37.91,22196500
2016-11-30,38.20,38.38,37.50,37.88,37.88,17735500
2016-12-01,37.65,37.71,36.20,36.38,36.38,25632000
2016-12-02,36.58,36.98,36.00,36.29,36.29,20211500
2016-12-05,36.50,37.78,36.50,37.36,37.36,20361000
2016-12-06,37.10,37.32,36.54,37.17,37.17,16958000
2016-12-07,37.23,38.68,37.00,38.63,38.63,27309500
2016-12-08,38.41,38.50,37.91,38.46,38.46,15970500
2016-12-09,38.17,38.77,38.16,38.44,38.44,13612500
2016-12-12,38.56,38.88,38.24,38.49,38.49,12194500
2016-12-13,38.64,40.26,38.60,39.63,39.63,34119500
2016-12-14,39.75,40.60,39.35,39.74,39.74,20754500
2016-12-15,39.68,40.15,39.48,39.52,39.52,16098000
2016-12-16,39.62,40.52,39.52,40.50,40.50,18984500
2016-12-19,40.50,40.89,39.97,40.55,40.55,17440500
2016-12-20,40.61,41.80,40.50,41.76,41.76,23445500
2016-12-21,41.69,42.45,41.48,41.54,41.54,26038000
2016-12-22,41.64,42.00,41.30,41.69,41.69,15555500
2016-12-23,41.60,42.69,41.54,42.67,42.67,23352500
2016-12-27,42.98,44.45,42.88,43.91,43.91,29578500
2016-12-28,44.31,44.76,43.44,43.95,43.95,18912500
2016-12-29,43.71,43.84,42.82,42.94,42.94,20225000
2016-12-30,43.26,43.50,42.34,42.74,42.74,23213000
2017-01-03,42.97,44.07,42.19,43.40,43.40,29616500
2017-01-04,42.95,45.60,42.86,45.40,45.40,56067500
2017-01-05,45.28,45.50,44.39,45.35,45.35,29558500
2017-01-06,45.39,46.06,45.09,45.80,45.80,27639500
2017-01-09,45.79,46.38,45.60,46.26,46.26,19897500
2017-01-10,46.40,46.40,45.38,45.97,45.97,18300000
2017-01-11,45.81,46.00,45.34,45.95,45.95,18254000
2017-01-12,45.81,46.14,45.12,45.92,45.92,18951000
2017-01-13,46.00,47.57,45.92,47.55,47.55,30465000
2017-01-17,47.34,47.99,46.87,47.12,47.12,23087500
2017-01-18,47.33,47.94,47.12,47.67,47.67,18845000
2017-01-19,49.45,49.74,48.15,48.75,48.75,38661500
2017-01-20,49.09,49.20,48.60,48.95,48.95,21021500
2017-01-23,49.17,50.18,49.10,49.78,49.78,31314500
2017-01-24,50.00,50.96,49.93,50.92,50.92,24827500
2017-01-25,51.46,51.69,50.36,50.89,50.89,25713000
2017-01-26,50.86,51.15,50.15,50.50,50.50,15760500
2017-01-27,50.28,50.60,49.70,50.59,50.59,15831500
2017-01-30,50.51,51.06,49.42,50.13,50.13,19005500
2017-01-31,49.85,51.18,49.54,50.39,50.39,20580500
2017-02-01,50.61,50.64,49.81,49.85,49.85,19794000
2017-02-02,49.67,50.48,49.54,50.31,50.31,12499000
2017-02-03,50.38,50.44,49.94,50.27,50.27,10933500
2017-02-06,50.20,51.56,50.13,51.55,51.55,17812500
2017-02-07,51.64,52.00,51.28,51.50,51.50,21224000
2017-02-08,51.47,52.67,51.24,52.42,52.42,19665000
2017-02-09,53.25,54.24,53.23,53.84,53.84,39101000
2017-02-10,53.96,54.19,53.22,53.85,53.85,18098500
2017-02-13,54.15,56.16,54.10,56.12,56.12,35148000
2017-02-14,55.81,57.48,55.72,56.20,56.20,36726000
2017-02-15,56.00,56.45,55.29,55.95,55.95,24739500
2017-02-16,55.52,56.00,53.70,53.79,53.79,35386500
2017-02-17,53.16,54.58,52.83,54.45,54.45,31285500
2017-02-21,55.09,56.28,54.80,55.48,55.48,28383500
2017-02-22,56.06,56.69,54.52,54.70,54.70,43775000
2017-02-23,52.80,52.93,51.11,51.20,51.20,74576000
2017-02-24,50.53,51.65,50.04,51.40,51.40,40858000
2017-02-27,49.63,49.67,48.40,49.25,49.25,57304000
2017-02-28,48.84,50.20,48.78,50.00,50.00,30390500
2017-03-01,50.84,50.97,49.82,50.00,50.00,24047500
2017-03-02,49.94,50.66,49.65,50.10,50.10,16759000
2017-03-03,50.15,50.38,49.80,50.31,50.31,14597000
2017-03-06,49.58,50.34,49.50,50.24,50.24,16777500
2017-03-07,50.38,50.78,49.66,49.72,49.72,17297500
2017-03-08,49.40,50.01,49.06,49.37,49.37,18626000
2017-03-09,49.53,49.73,48.60,48.98,48.98,19396500
2017-03-10,49.24,49.30,48.60,48.74,48.74,15331500
2017-03-13,48.96,49.37,48.56,49.23,49.23,15113000
2017-03-14,49.22,51.62,49.20,51.60,51.60,37992000
2017-03-15,51.40,52.20,50.85,51.15,51.15,26654000
2017-03-16,52.48,53.15,51.81,52.41,52.41,35661000
2017-03-17,52.80,53.07,52.24,52.30,52.30,32487500
2017-03-20,52.12,52.91,51.76,52.38,52.38,18071500
2017-03-21,52.57,52.96,50.05,50.14,50.14,34543000
2017-03-22,50.31,51.01,50.10,51.00,51.00,20296500
2017-03-23,51.08,51.53,50.66,50.96,50.96,16601000
2017-03-24,51.14,52.78,51.00,52.63,52.63,28236500
2017-03-27,52.12,54.11,51.95,54.04,54.04,31154000
2017-03-28,55.40,56.14,55.00,55.49,55.49,39938000
2017-03-29,55.67,55.92,55.11,55.48,55.48,18381000
2017-03-30,55.61,56.40,55.44,55.58,55.58,20742000
2017-03-31,55.75,55.94,55.26,55.66,55.66,16473000
2017-04-03,57.38,59.80,56.92,59.70,59.70,69443000
2017-04-04,59.38,60.96,58.91,60.74,60.74,50673000
2017-04-05,60.41,60.98,58.84,59.00,59.00,39404500
2017-04-06,59.38,60.39,58.82,59.74,59.74,27603000
2017-04-07,59.50,60.54,59.43,60.51,60.51,22898000
2017-04-10,61.83,62.75,61.74,62.48,62.48,38322500
2017-04-11,62.68,62.69,61.10,61.74,61.74,28623000
2017-04-12,61.27,61.69,59.26,59.37,59.37,30253500
2017-04-13,59.34,61.48,59.06,60.80,60.80,46423000
2017-04-17,60.54,60.80,59.74,60.29,60.29,20693500
2017-04-18,59.94,60.17,59.58,60.05,60.05,15178500
2017-04-19,60.49,61.32,60.42,61.10,61.10,19490000
2017-04-20,61.30,61.83,60.05,60.50,60.50,30747000
2017-04-21,60.40,61.28,60.08,61.12,61.12,22549000
2017-04-24,61.84,62.11,61.20,61.61,61.61,25417500
2017-04-25,61.60,62.80,61.17,62.76,62.76,33688500
2017-04-26,62.47,62.90,61.80,62.03,62.03,23475000
2017-04-27,62.34,62.62,61.50,61.73,61.73,17343000
2017-04-28,61.97,62.96,61.60,62.81,62.81,22527500
2017-05-01,62.98,65.45,62.96,64.57,64.57,44148000
2017-05-02,64.80,65.53,63.31,63.78,63.78,26914000
2017-05-03,63.53,64.31,62.09,62.20,62.20,35667000
2017-05-04,61.49,61.55,58.15,59.09,59.09,70760000
2017-05-05,59.60,61.71,59.36,61.67,61.67,40886500
2017-05-08,62.18,62.76,61.16,61.44,61.44,35032500
2017-05-09,61.88,64.40,61.82,64.25,64.25,48382500
2017-05-10,64.31,65.10,63.62,65.04,65.04,28708000
2017-05-11,64.68,65.20,63.92,64.62,64.62,23769000
2017-05-12,65.10,65.40,64.31,64.96,64.96,20608000
2017-05-15,63.68,64.04,62.51,63.18,63.18,38110000
2017-05-16,63.52,64.01,63.03,63.40,63.40,20762500
2017-05-17,62.88,62.93,61.10,61.22,61.22,33559500
2017-05-18,61.40,62.79,61.06,62.61,62.61,28269000
2017-05-19,63.10,63.30,62.04,62.17,62.17,23438000
2017-05-22,62.56,62.87,61.36,62.07,62.07,21646000
2017-05-23,62.09,62.15,60.70,60.77,60.77,21592000
2017-05-24,61.30,62.20,61.08,62.04,62.04,25166500
2017-05-25,62.20,63.39,61.56,63.37,63.37,25070000
2017-05-26,63.46,65.10,63.26,65.03,65.03,39011000
2017-05-30,65.20,67.26,65.15,67.02,67.02,38914500
2017-05-31,67.54,68.58,67.03,68.20,68.20,49817000
2017-06-01,68.80,68.98,67.46,68.07,68.07,38040000
2017-06-02,67.95,68.58,67.19,67.97,67.97,27951000
2017-06-05,67.70,69.69,66.84,69.46,69.46,33922000
2017-06-06,68.94,71.90,67.99,70.57,70.57,55434000
2017-06-07,71.27,72.10,71.03,71.93,71.93,46990000
2017-06-08,72.75,74.38,72.04,74.00,74.00,45307500
2017-06-09,74.88,75.37,70.96,71.46,71.46,86307000
2017-06-12,71.60,72.90,70.12,71.80,71.80,52588500
2017-06-13,73.52,75.20,73.32,75.19,75.19,59039500
2017-06-14,76.22,76.85,75.26,76.13,76.13,64092000
2017-06-15,74.50,75.09,73.30,75.07,75.07,52132500
2017-06-16,75.60,75.60,74.02,74.28,74.28,33655000
2017-06-19,75.00,75.34,73.56,73.96,73.96,32746500
2017-06-20,75.33,75.78,73.95,74.45,74.45,37193500
2017-06-21,74.87,75.40,73.60,75.28,75.28,24616000
2017-06-22,75.60,77.00,74.71,76.52,76.52,37649000
2017-06-23,76.49,77.40,75.87,76.69,76.69,32229000
2017-06-26,77.34,77.39,74.62,75.50,75.50,33020500
2017-06-27,75.28,75.28,72.40,72.47,72.47,34982000
2017-06-28,73.34,74.35,72.50,74.25,74.25,31512500
2017-06-29,74.12,74.20,70.82,72.15,72.15,41105000
2017-06-30,72.74,73.35,71.92,72.32,72.32,29242500
2017-07-03,74.05,74.27,70.30,70.52,70.52,31527000
2017-07-05,69.44,69.45,65.27,65.42,65.42,85233500
2017-07-06,63.45,64.16,61.26,61.77,61.77,96622500
2017-07-07,62.70,63.40,61.48,62.64,62.64,70884500
2017-07-10,62.58,63.59,60.63,63.21,63.21,69104500
2017-07-11,63.20,65.46,62.86,65.44,65.44,57797000
2017-07-12,66.08,66.62,64.90,65.90,65.90,51730500
2017-07-13,66.02,66.32,63.99,64.68,64.68,42972500
2017-07-14,64.64,65.68,64.24,65.56,65.56,28126000
2017-07-17,65.11,65.42,62.69,63.91,63.91,49384500
2017-07-18,63.50,65.83,63.13,65.65,65.65,31868500
2017-07-19,65.65,66.33,64.64,65.05,65.05,31785000
2017-07-20,65.38,66.04,64.84,65.98,65.98,25831000
2017-07-21,65.89,66.25,65.16,65.68,65.68,24508000
2017-07-24,66.05,68.68,66.00,68.50,68.50,43185500
2017-07-25,69.00,69.12,66.83,67.92,67.92,34946000
2017-07-26,68.07,69.10,67.62,68.77,68.77,24104000
2017-07-27,69.20,69.50,65.26,66.89,66.89,41512000
2017-07-28,67.38,67.92,66.50,67.01,67.01,24402000
2017-07-31,67.10,68.30,64.21,64.69,64.69,42675500
2017-08-01,64.60,64.89,63.23,63.91,63.91,41515500
2017-08-02,63.79,65.42,62.24,65.18,65.18,65457500
2017-08-03,69.07,70.00,68.63,69.42,69.42,67675000
2017-08-04,69.40,71.45,68.66,71.38,71.38,46344500
2017-08-07,71.47,71.90,70.55,71.03,71.03,31622500
2017-08-08,71.51,73.72,71.48,73.04,73.04,37249000
2017-08-09,72.20,74.00,71.79,72.71,72.71,34460500
2017-08-10,72.32,73.33,70.93,71.08,71.08,35464500
2017-08-11,71.39,72.25,70.72,71.57,71.57,21829000
2017-08-14,72.93,73.53,72.52,72.76,72.76,22596000
2017-08-15,73.04,73.10,71.87,72.47,72.47,15425500
2017-08-16,72.60,73.30,72.50,72.58,72.58,17069000
2017-08-17,72.24,72.66,70.32,70.38,70.38,25138500
2017-08-18,70.58,70.80,69.16,69.49,69.49,27041000
2017-08-21,69.16,69.16,66.37,67.57,67.57,32477000
2017-08-22,68.23,68.45,67.47,68.27,68.27,21610000
2017-08-23,67.80,70.70,67.66,70.55,70.55,24772500
2017-08-24,70.50,71.33,69.95,70.59,70.59,22923500
2017-08-25,70.85,71.14,69.46,69.61,69.61,17420000
2017-08-28,69.46,69.47,67.94,69.13,69.13,18820000
2017-08-29,67.90,69.81,67.75,69.47,69.47,20368500
2017-08-30,69.93,70.69,69.40,70.64,70.64,17064500
2017-08-31,70.71,71.69,70.56,71.18,71.18,20364000
2017-09-01,71.22,71.52,70.74,71.08,71.08,15247500
2017-09-05,70.76,71.10,69.18,69.92,69.92,19175500
2017-09-06,69.90,70.20,68.31,68.91,68.91,20457000
2017-09-07,69.20,70.50,68.69,70.12,70.12,21196000
2017-09-08,69.80,69.96,68.46,68.68,68.68,16317500
2017-09-11,70.27,72.74,70.00,72.74,72.74,38335500
2017-09-12,72.90,73.75,72.08,72.55,72.55,29864500
2017-09-13,72.76,73.61,71.92,73.25,73.25,20926000
2017-09-14,72.87,75.59,72.53,75.53,75.53,36012500
2017-09-15,74.90,76.00,74.54,75.96,75.96,27102500
2017-09-18,76.05,77.92,75.54,77.00,77.00,35940000
2017-09-19,76.00,76.48,74.71,75.02,75.02,32259500
2017-09-20,74.60,75.65,74.21,74.78,74.78,24595500
2017-09-21,74.98,75.37,72.90,73.30,73.30,23091000
2017-09-22,73.30,73.98,70.18,70.22,70.22,40797000
2017-09-25,70.63,71.49,68.58,69.00,69.00,38029500
2017-09-26,70.19,70.25,68.18,69.05,69.05,35781500
2017-09-27,69.98,70.30,68.10,68.19,68.19,30301500
2017-09-28,67.98,68.55,67.08,67.92,67.92,26598000
2017-09-29,68.37,68.94,67.72,68.22,68.22,25535500
2017-10-02,68.50,68.74,67.10,68.31,68.31,26434000
2017-10-03,67.18,69.71,66.26,69.63,69.63,50768000
2017-10-04,70.25,71.72,69.92,71.00,71.00,40817500
2017-10-05,71.20,71.49,70.27,71.07,71.07,20858500
2017-10-06,70.62,72.02,70.45,71.38,71.38,21487500
2017-10-09,69.93,70.35,68.53,68.59,68.59,37468500
2017-10-10,69.36,71.13,69.11,71.12,71.12,34892500
2017-10-11,70.78,71.52,70.23,70.92,70.92,22504000
2017-10-12,70.59,71.96,70.53,71.14,71.14,20435000
2017-10-13,71.40,71.70,70.74,71.11,71.11,17702500
2017-10-16,70.75,70.90,69.43,70.12,70.12,26877500
2017-10-17,70.18,71.24,70.01,71.15,71.15,16466500
2017-10-18,71.19,72.60,70.83,71.93,71.93,24695500
2017-10-19,71.11,71.43,69.64,70.36,70.36,25309000
2017-10-20,70.54,70.91,68.87,69.02,69.02,24652000
2017-10-23,69.98,69.99,67.25,67.40,67.40,28736500
2017-10-24,67.76,68.56,67.23,67.47,67.47,22458500
2017-10-25,67.34,67.50,64.71,65.17,65.17,42970500
2017-10-26,65.56,66.05,64.64,65.23,65.23,25117500
2017-10-27,63.95,64.92,63.33,64.17,64.17,34898500
2017-10-30,63.84,64.76,63.45,64.02,64.02,21272000
2017-10-31,64.05,66.39,64.04,66.31,66.31,28361500
2017-11-01,66.45,66.52,64.05,64.22,64.22,42286500
2017-11-02,60.03,61.74,58.53,59.85,59.85,98957000
2017-11-03,59.90,61.25,59.03,61.22,61.22,44470000
2017-11-06,61.40,61.50,59.80,60.56,60.56,32430000
2017-11-07,60.20,61.30,60.01,61.21,61.21,26471500
2017-11-08,61.10,61.38,60.26,60.88,60.88,23626500
2017-11-09,60.50,60.89,59.26,60.60,60.60,27235500
2017-11-10,60.50,61.67,60.37,60.60,60.60,23127000
2017-11-13,60.03,63.36,59.82,63.08,63.08,37924500
2017-11-14,63.00,63.27,61.38,61.74,61.74,28380500
2017-11-15,61.20,62.50,60.30,62.26,62.26,29893500
2017-11-16,62.80,63.63,62.26,62.50,62.50,29110500
2017-11-17,65.13,65.33,62.63,63.01,63.01,68675500
2017-11-20,62.76,63.10,60.95,61.75,61.75,41238500
2017-11-21,62.17,63.65,61.74,63.56,63.56,36306500
2017-11-22,63.35,63.48,62.37,62.52,62.52,24588000
2017-11-24,62.76,63.28,62.20,63.11,63.11,16220500
2017-11-27,62.65,63.47,61.90,63.36,63.36,22779500
2017-11-28,63.27,64.00,62.78,63.51,63.51,24747500
2017-11-29,63.46,63.60,60.25,61.51,61.51,43837000
2017-11-30,61.71,62.14,60.91,61.77,61.77,21758000
2017-12-01,61.09,62.06,61.01,61.31,61.31,21464500
2017-12-04,61.30,61.65,60.12,61.04,61.04,29175500
2017-12-05,60.40,61.60,60.20,60.74,60.74,23232500
2017-12-06,60.02,62.68,60.00,62.65,62.65,35976500
2017-12-07,62.40,63.73,62.21,62.25,62.25,23903000
2017-12-08,62.92,63.40,62.25,63.03,63.03,17342500
2017-12-11,62.93,65.80,62.75,65.78,65.78,39690000
2017-12-12,66.09,68.29,66.01,68.21,68.21,43666000
2017-12-13,68.19,68.84,67.30,67.81,67.81,31107500
2017-12-14,68.20,69.49,67.38,67.58,67.58,28999500
2017-12-15,68.41,68.78,67.15,68.69,68.69,34666000
2017-12-18,68.98,69.35,67.52,67.77,67.77,27381000
2017-12-19,68.05,68.30,66.06,66.22,66.22,34125000
2017-12-20,66.54,66.62,65.01,65.80,65.80,29769000
2017-12-21,65.92,66.75,65.44,66.33,66.33,21926000
2017-12-22,65.90,66.18,64.96,65.04,65.04,21079000
2017-12-26,64.77,64.79,63.32,63.46,63.46,21892000
2017-12-27,63.20,63.54,62.15,62.33,62.33,23560500
2017-12-28,62.35,63.16,61.91,63.07,63.07,21581500
2017-12-29,63.24,63.28,62.00,62.27,62.27,18886000
2018-01-02,62.40,64.42,62.20,64.11,64.11,21761000
2018-01-03,64.20,65.05,63.11,63.45,63.45,22607500
2018-01-04,62.57,63.71,61.14,62.92,62.92,49731500
2018-01-05,63.32,63.45,62.40,63.32,63.32,22956000
2018-01-08,63.20,67.40,63.10,67.28,67.28,49297000
2018-01-09,67.03,67.76,65.48,66.74,66.74,35733000
2018-01-10,66.44,67.40,66.00,66.96,66.96,21549500
2018-01-11,67.05,68.96,66.65,67.59,67.59,33227500
2018-01-12,67.73,68.08,66.73,67.24,67.24,24125500
2018-01-16,67.51,69.00,66.96,68.01,68.01,32371500
2018-01-17,68.09,69.80,67.95,69.43,69.43,35517500
2018-01-18,69.13,70.46,68.75,68.91,68.91,28429000
2018-01-19,69.00,70.12,68.52,70.00,70.00,24441500
2018-01-22,69.88,71.57,69.84,70.31,70.31,31052000
2018-01-23,72.00,72.10,70.20,70.56,70.56,27327000
2018-01-24,70.92,70.95,68.70,69.18,69.18,26437500
2018-01-25,69.65,69.84,67.28,67.53,67.53,33701500
2018-01-26,68.30,68.80,67.14,68.57,68.57,22697000
2018-01-29,67.97,70.17,67.66,69.91,69.91,23735500
2018-01-30,69.03,69.65,68.43,69.16,69.16,23588500
2018-01-31,69.50,71.24,69.04,70.86,70.86,31070500
2018-02-01,70.20,71.93,69.73,69.85,69.85,20988500
2018-02-02,69.69,70.39,68.10,68.75,68.75,18524000
2018-02-05,67.59,68.89,66.60,66.63,66.63,22320500
2018-02-06,65.04,67.24,64.70,66.79,66.79,25442000
2018-02-07,67.80,69.20,67.13,69.00,69.00,34846000
2018-02-08,68.66,69.72,62.92,63.05,63.05,51573000
2018-02-09,63.99,64.20,58.95,62.08,62.08,64668500
2018-02-12,63.23,63.62,61.25,63.15,63.15,31139000
2018-02-13,63.00,64.84,62.50,64.73,64.73,22801000
2018-02-14,64.17,65.23,63.70,64.46,64.46,19753500
2018-02-15,64.90,66.82,64.48,66.81,66.81,29564500
2018-02-16,66.50,68.62,66.33,67.10,67.10,28213000
2018-02-20,66.89,68.17,66.30,66.95,66.95,20047000
2018-02-21,67.21,67.94,66.63,66.66,66.66,16098000
2018-02-22,67.11,69.49,66.95,69.23,69.23,34849000
2018-02-23,69.57,71.00,69.42,70.41,70.41,29087000
2018-02-26,70.70,71.80,70.47,71.48,71.48,21700000
2018-02-27,71.25,72.00,70.00,70.20,70.20,23987000
2018-02-28,70.51,71.05,68.44,68.61,68.61,30348500
2018-03-01,69.00,69.73,66.01,66.19,66.19,34428000
2018-03-02,65.40,67.04,64.59,67.02,67.02,25464000
2018-03-05,66.48,67.55,65.86,66.67,66.67,19119000
2018-03-06,66.75,67.27,65.41,65.64,65.64,21428500
2018-03-07,65.09,66.50,64.35,66.46,66.46,25036500
2018-03-08,66.57,66.66,65.25,65.82,65.82,17831000
2018-03-09,64.82,65.70,64.47,65.43,65.43,27534000
2018-03-12,65.72,69.44,65.30,69.10,69.10,41320000
2018-03-13,65.72,69.44,65.30,68.37,68.37,29829000
2018-03-14,67.35,67.96,64.79,65.33,65.33,39837000
2018-03-15,65.88,66.57,64.22,65.12,65.12,32824000
2018-03-16,64.59,65.48,63.81,64.27,64.27,30586500
2018-03-19,63.30,64.15,61.93,62.71,62.71,37421500
2018-03-20,62.97,63.25,61.75,62.11,62.11,23821500
2018-03-21,62.05,64.49,62.04,63.31,63.31,29792000
2018-03-22,62.78,63.76,61.64,61.82,61.82,24699000
2018-03-23,62.25,62.25,60.09,60.31,60.31,33274500
2018-03-26,61.47,61.52,58.27,60.84,60.84,41876000
2018-03-27,60.80,60.85,55.44,55.84,55.84,69360000
2018-03-28,52.92,53.74,50.42,51.56,51.56,105007000
2018-03-29,51.30,54.19,49.64,53.23,53.23,75853500
2018-04-02,51.25,52.07,48.92,50.50,50.50,80570000
2018-04-03,53.96,54.67,50.90,53.51,53.51,94222000
2018-04-04,50.56,57.67,50.40,57.39,57.39,99483500
2018-04-05,57.87,61.25,57.64,61.14,61.14,95605500
2018-04-06,60.20,61.86,59.10,59.86,59.86,67601500
2018-04-09,60.07,61.90,57.84,57.93,57.93,51249000
2018-04-10,59.79,61.42,58.74,60.94,60.94,54949000
2018-04-11,60.15,61.80,59.93,60.19,60.19,37414500
2018-04-12,60.46,60.79,58.74,58.82,58.82,38044000
2018-04-13,60.72,60.79,59.20,60.07,60.07,36636000
2018-04-16,59.80,59.93,57.80,58.24,58.24,31692500
2018-04-17,57.77,58.43,56.50,57.54,57.54,35000000
2018-04-18,58.22,60.05,57.63,58.67,58.67,32788500
2018-04-19,58.22,60.20,57.71,60.02,60.02,30453000
2018-04-20,59.03,60.00,57.95,58.05,58.05,28139500
2018-04-23,58.26,58.32,56.47,56.67,56.67,24467000
2018-04-24,57.00,57.42,55.69,56.69,56.69,28426500
2018-04-25,56.70,57.03,55.45,56.14,56.14,20068000
2018-04-26,55.75,57.16,55.30,57.10,57.10,21780000
2018-04-27,57.07,58.89,56.77,58.82,58.82,21823000
2018-04-30,58.72,59.75,58.50,58.78,58.78,21141000
2018-05-01,58.70,60.16,58.64,59.98,59.98,23128000
2018-05-02,59.71,61.37,59.56,60.23,60.23,44852000
2018-05-03,55.76,57.61,55.05,56.89,56.89,86760500
2018-05-04,56.60,59.37,55.90,58.82,58.82,42847000
2018-05-07,59.50,61.19,59.03,60.55,60.55,43391000
2018-05-08,60.16,61.55,59.80,60.39,60.39,29650000
2018-05-09,60.08,61.40,60.01,61.37,61.37,28637000
2018-05-10,61.50,62.60,60.82,61.00,61.00,28258000
2018-05-11,61.54,61.78,59.82,60.21,60.21,23398000
2018-05-14,60.66,60.99,58.32,58.39,58.39,36434000
2018-05-15,57.00,57.39,56.10,56.84,56.84,47596000
2018-05-16,56.77,57.76,56.31,57.30,57.30,28370000
2018-05-17,57.18,57.84,56.79,56.91,56.91,22103000
2018-05-18,56.93,56.93,54.80,55.36,55.36,36259500
2018-05-21,56.27,58.30,56.26,56.90,56.90,45913000
2018-05-22,57.55,57.60,54.68,55.00,55.00,44729000
2018-05-23,55.55,55.98,54.80,55.81,55.81,29925500
2018-05-24,55.68,56.22,54.98,55.57,55.57,20883500
2018-05-25,55.53,55.93,55.12,55.77,55.77,19375500
2018-05-29,55.70,57.30,55.23,56.75,56.75,28333000
2018-05-30,56.66,59.00,56.32,58.34,58.34,37448500
2018-05-31,57.44,58.07,56.59,56.95,56.95,29598500
2018-06-01,57.17,58.39,56.77,58.36,58.36,27122000
2018-06-04,58.87,59.80,58.71,59.35,59.35,23989000
2018-06-05,59.54,59.56,57.35,58.23,58.23,29976000
2018-06-06,60.10,64.43,59.50,63.90,63.90,93836500
2018-06-07,63.23,66.00,62.72,63.22,63.22,71726500
2018-06-08,63.80,64.90,63.43,63.53,63.53,41026000
2018-06-11,64.50,66.93,64.50,66.42,66.42,65917500
2018-06-12,68.94,70.99,67.60,68.55,68.55,111737000
2018-06-13,69.34,69.44,67.96,68.96,68.96,47349000
2018-06-14,69.53,71.75,69.32,71.54,71.54,54905000
2018-06-15,70.77,72.93,70.25,71.63,71.63,54241500
2018-06-18,71.08,74.75,70.90,74.17,74.17,60366000
2018-06-19,73.03,74.00,69.25,70.51,70.51,63809500
2018-06-20,71.61,72.88,70.40,72.44,72.44,41918500
2018-06-21,72.40,73.24,69.25,69.50,69.50,39835500
2018-06-22,70.31,70.45,66.40,66.73,66.73,51330500
2018-06-25,66.02,67.69,65.50,66.60,66.60,34656500
2018-06-26,67.21,68.71,65.16,68.40,68.40,37262500
2018-06-27,69.00,70.16,67.90,68.90,68.90,41668500
2018-06-28,69.73,71.40,69.22,69.99,69.99,41990000
2018-06-29,70.67,70.77,68.48,68.59,68.59,32462000
2018-07-02,72.01,72.96,65.97,67.01,67.01,93799000
2018-07-03,66.35,66.50,61.94,62.17,62.17,61413000
2018-07-05,62.75,62.88,59.24,61.83,61.83,87382000
2018-07-06,60.99,62.41,60.40,61.78,61.78,44327500
2018-07-09,62.40,63.70,61.60,63.70,63.70,37984000
2018-07-10,64.91,65.54,63.84,64.49,64.49,47357500
2018-07-11,63.16,64.39,63.01,63.79,63.79,24420500
2018-07-12,64.29,64.65,62.55,63.34,63.34,28606000
2018-07-13,63.12,63.92,61.85,63.77,63.77,29349000
2018-07-16,62.34,63.03,61.25,62.02,62.02,39093500
2018-07-17,61.76,64.95,61.70,64.54,64.54,34981000
2018-07-18,65.00,65.10,63.25,64.77,64.77,28121000
2018-07-19,63.27,64.71,62.80,64.05,64.05,29576500
2018-07-20,64.25,64.65,62.34,62.72,62.72,25811000
2018-07-23,60.37,61.10,58.57,60.64,60.64,54964500
2018-07-24,60.88,61.54,58.51,59.49,59.49,47954000
2018-07-25,59.35,61.92,58.90,61.75,61.75,35377000
2018-07-26,60.97,62.14,60.73,61.33,61.33,23152500
2018-07-27,61.45,61.54,59.07,59.44,59.44,28516500
2018-07-30,59.18,59.22,57.23,58.03,58.03,34070500
2018-07-31,58.45,59.66,57.81,59.63,59.63,25384500
2018-08-01,59.60,60.60,58.60,60.17,60.17,50647000
2018-08-02,65.69,70.00,64.63,69.91,69.91,116075000
2018-08-03,69.56,71.00,68.51,69.63,69.63,68282500
2018-08-06,69.09,71.00,68.36,68.40,68.40,42821500
2018-08-07,68.77,77.49,67.83,75.91,75.91,154379000
2018-08-08,73.82,76.53,73.42,74.07,74.07,122856000
2018-08-09,73.11,73.40,69.15,70.49,70.49,85919000
2018-08-10,70.80,72.00,69.20,71.10,71.10,57760000
2018-08-13,72.23,72.64,69.80,71.28,71.28,52319500
2018-08-14,71.69,71.84,69.42,69.53,69.53,34932000
2018-08-15,68.38,68.90,66.43,67.74,67.74,45506500
2018-08-16,67.98,68.46,66.76,67.09,67.09,30320000
2018-08-17,64.70,65.35,60.71,61.10,61.10,94793000
2018-08-20,58.34,61.70,57.64,61.69,61.69,87011500
2018-08-21,62.12,64.96,61.80,64.38,64.38,65861000
2018-08-22,64.17,64.78,62.93,64.33,64.33,29730000
2018-08-23,63.83,65.46,63.62,64.02,64.02,25736500
2018-08-24,64.14,64.77,63.88,64.56,64.56,18013000
2018-08-27,63.60,64.49,61.76,63.85,63.85,65396500
2018-08-28,63.68,63.78,62.24,62.37,62.37,38245500
2018-08-29,62.05,62.37,60.74,61.00,61.00,37237000
2018-08-30,60.45,60.92,59.54,60.63,60.63,36083500
2018-08-31,60.40,61.06,59.72,60.33,60.33,26875500
2018-09-04,59.39,59.64,57.60,57.79,57.79,41752500
2018-09-05,57.01,57.36,55.44,56.15,56.15,38604000
2018-09-06,56.96,58.23,55.78,56.19,56.19,37404000
2018-09-07,52.02,53.67,50.45,52.65,52.65,112459500
2018-09-10,54.65,57.21,54.20,57.10,57.10,71417500
2018-09-11,55.89,56.40,54.71,55.89,55.89,45850000
2018-09-12,56.29,58.50,55.73,58.11,58.11,50077000
2018-09-13,57.60,59.00,57.04,57.89,57.89,31701500
2018-09-14,57.75,59.47,57.30,59.04,59.04,33828000
2018-09-17,58.01,60.17,57.63,58.97,58.97,34438000
2018-09-18,59.34,60.53,55.10,56.99,56.99,82737500
2018-09-19,56.10,60.00,56.10,59.80,59.80,41474500
2018-09-20,60.71,61.20,58.67,59.67,59.67,36747000
2018-09-21,59.54,60.12,59.07,59.82,59.82,25252500
2018-09-24,59.70,60.60,58.72,59.94,59.94,24215000
2018-09-25,60.00,60.92,59.30,60.20,60.20,22408500
2018-09-26,60.38,62.78,60.22,61.92,61.92,39216000
2018-09-27,62.58,62.99,61.38,61.50,61.50,42545500
2018-09-28,54.05,55.60,52.11,52.95,52.95,168248500
2018-10-01,61.15,62.29,60.21,62.14,62.14,108888000
2018-10-02,62.79,63.37,59.83,60.20,60.20,58717500
2018-10-03,60.67,60.92,58.31,58.96,58.96,39975000
2018-10-04,58.79,58.80,55.53,56.37,56.37,49071000
2018-10-05,54.93,54.98,52.00,52.39,52.39,89722500
2018-10-08,52.90,53.55,49.80,50.11,50.11,67363500
2018-10-09,51.05,53.35,50.66,52.56,52.56,60303000
2018-10-10,52.92,53.10,49.55,51.38,51.38,64076500
2018-10-11,51.51,52.45,49.81,50.45,50.45,40838500
2018-10-12,52.20,52.40,50.40,51.76,51.76,36007000
2018-10-15,51.81,52.66,50.91,51.92,51.92,31000000
2018-10-16,53.14,55.48,52.45,55.32,55.32,47632000
2018-10-17,56.48,56.54,53.16,54.36,54.36,43277500
2018-10-18,53.86,54.20,52.60,52.78,52.78,27106000
2018-10-19,53.48,53.93,50.70,52.00,52.00,46877500
2018-10-22,52.14,52.37,50.52,52.19,52.19,28001500
2018-10-23,52.77,59.59,52.42,58.83,58.83,95139000
2018-10-24,60.21,60.89,57.15,57.70,57.70,100291500
2018-10-25,63.44,64.20,60.20,62.97,62.97,104203500
2018-10-26,61.65,67.98,61.33,66.18,66.18,137127500
2018-10-29,67.49,69.43,65.30,66.97,66.97,72430000
2018-10-30,65.68,67.58,64.45,65.98,65.98,45633500
2018-10-31,66.51,68.40,65.82,67.46,67.46,38121500
2018-11-01,67.65,69.57,66.95,68.86,68.86,40000500
2018-11-02,68.75,69.84,68.18,69.28,69.28,39040000
2018-11-05,68.10,68.79,66.03,68.28,68.28,39155000
2018-11-06,67.81,69.76,67.22,68.21,68.21,33814500
2018-11-07,68.67,70.24,68.16,69.63,69.63,36872500
2018-11-08,69.70,71.52,69.69,70.28,70.28,35453500
2018-11-09,69.80,70.80,69.05,70.10,70.10,25494000
2018-11-12,69.67,69.96,66.07,66.26,66.26,34707500
2018-11-13,66.63,68.94,66.44,67.75,67.75,27243000
2018-11-14,68.54,69.42,67.43,68.80,68.80,25201500
2018-11-15,68.47,69.72,67.81,69.69,69.69,23128500
2018-11-16,69.04,71.14,69.02,70.86,70.86,36031000
2018-11-19,71.27,73.35,70.58,70.69,70.69,48544500
2018-11-20,68.35,69.96,66.71,69.50,69.50,40023500
2018-11-21,70.40,70.62,67.48,67.64,67.64,23434000
2018-11-23,66.87,67.50,65.11,65.17,65.17,21013000
2018-11-26,65.00,69.24,65.00,69.20,69.20,39960500
2018-11-27,68.01,69.39,67.10,68.78,68.78,31791500
2018-11-28,69.20,69.66,68.44,69.57,69.57,20638000
2018-11-29,69.40,69.50,67.91,68.23,68.23,15403500
2018-11-30,68.37,70.32,67.65,70.10,70.10,28145500
2018-12-03,72.00,73.20,70.40,71.70,71.70,41532500
2018-12-04,71.21,73.74,70.40,71.94,71.94,42309500
2018-12-06,71.20,73.48,70.15,72.61,72.61,39212500
2018-12-07,73.80,75.90,71.53,71.59,71.59,57556000
2018-12-10,72.00,73.20,70.62,73.03,73.03,33067500
2018-12-11,73.98,74.43,72.05,73.35,73.35,31544000
2018-12-12,73.88,74.38,73.03,73.32,73.32,25135000
2018-12-13,74.03,75.49,73.35,75.36,75.36,36829500
2018-12-14,75.00,75.57,72.87,73.14,73.14,31688000
2018-12-17,72.40,73.14,68.78,69.68,69.68,38370000
2018-12-18,70.11,70.31,66.74,67.41,67.41,35500000
2018-12-19,67.52,69.40,65.95,66.59,66.59,41371000
2018-12-20,65.41,66.06,62.37,63.08,63.08,45359500
2018-12-21,63.48,64.69,62.49,63.95,63.95,40084000
2018-12-24,62.70,62.90,59.04,59.08,59.08,27799500
2018-12-26,60.00,65.39,58.82,65.22,65.22,40815500
2018-12-27,63.97,64.43,60.30,63.23,63.23,42875500
2018-12-28,64.62,67.25,63.68,66.77,66.77,49695000
2018-12-31,67.56,67.84,65.05,66.56,66.56,31511500
2019-01-02,61.22,63.03,59.76,62.02,62.02,58293000
2019-01-03,61.40,61.88,59.48,60.07,60.07,34826000
2019-01-04,61.20,63.60,60.55,63.54,63.54,36970500
2019-01-07,64.34,67.35,63.55,66.99,66.99,37756000
2019-01-08,68.39,68.80,65.40,67.07,67.07,35042500
2019-01-09,67.10,68.70,66.29,67.71,67.71,27164500
2019-01-10,66.88,69.08,66.36,68.99,68.99,30282000
2019-01-11,68.42,69.68,67.75,69.45,69.45,25195500
2019-01-14,68.48,68.50,66.80,66.88,66.88,26236500
2019-01-15,67.00,69.76,66.90,68.89,68.89,30283000
2019-01-16,68.96,70.40,68.70,69.21,69.21,23458500
2019-01-17,69.24,70.30,68.83,69.46,69.46,18383500
2019-01-18,64.60,65.43,59.95,60.45,60.45,120754000
2019-01-22,60.96,61.60,59.10,59.78,59.78,60333500
2019-01-23,58.50,58.90,56.34,57.52,57.52,62650000
2019-01-24,56.61,58.74,55.86,58.30,58.30,40061000
2019-01-25,58.88,59.70,57.91,59.41,59.41,36248000
2019-01-28,58.58,59.49,57.55,59.28,59.28,32116500
2019-01-29,59.05,59.71,58.36,59.49,59.49,23108500
2019-01-30,60.09,61.80,59.70,61.75,61.75,56251500
2019-01-31,60.20,62.31,58.80,61.40,61.40,62846000
2019-02-01,61.08,63.22,60.70,62.44,62.44,36417000
2019-02-04,62.60,63.06,60.38,62.58,62.58,36760500
2019-02-05,62.50,64.49,62.45,64.27,64.27,33714000
2019-02-06,63.92,64.85,63.12,63.44,63.44,25192500
2019-02-07,62.66,62.94,60.60,61.50,61.50,32603000
2019-02-08,61.37,61.49,59.70,61.16,61.16,29221000
2019-02-11,62.32,63.72,62.10,62.57,62.57,35648500
2019-02-12,63.24,63.64,61.92,62.36,62.36,27588000
2019-02-13,62.47,62.55,61.11,61.63,61.63,25708000
2019-02-14,60.68,61.35,60.20,60.75,60.75,26004000
2019-02-15,60.90,61.60,60.78,61.58,61.58,19524500
2019-02-19,61.31,62.31,61.09,61.13,61.13,20842000
2019-02-20,60.88,61.26,59.80,60.51,60.51,35710500
2019-02-21,60.36,60.65,58.10,58.25,58.25,44546000
2019-02-22,58.90,59.30,58.42,58.94,58.94,28703000
2019-02-25,59.58,60.58,59.40,59.75,59.75,33132500
2019-02-26,58.44,60.40,57.75,59.57,59.57,42912500
2019-02-27,60.36,63.26,60.11,62.95,62.95,55919500
2019-02-28,63.78,64.00,62.16,63.98,63.98,52603500
2019-03-01,61.39,61.43,58.38,58.96,58.96,114557000
2019-03-04,59.62,59.80,56.56,57.07,57.07,85484000
2019-03-05,56.40,56.80,54.02,55.31,55.31,93823500
2019-03-06,55.30,56.30,54.88,55.25,55.25,51677500
2019-03-07,55.77,56.94,54.85,55.32,55.32,47212500
2019-03-08,55.38,57.12,55.18,56.83,56.83,44098000
2019-03-11,56.70,58.26,56.10,58.18,58.18,36961500
2019-03-12,57.30,57.61,56.21,56.67,56.67,37520500
2019-03-13,56.78,58.40,56.54,57.79,57.79,34223500
2019-03-14,58.49,59.08,57.66,57.99,57.99,35517000
2019-03-15,56.70,56.74,54.88,55.09,55.09,73927500
2019-03-18,55.20,55.61,53.46,53.90,53.90,51405000
2019-03-19,53.50,54.66,52.69,53.49,53.49,59003000
2019-03-20,53.94,54.99,53.26,54.72,54.72,34541000
2019-03-21,54.52,55.29,53.69,54.80,54.80,29735500
2019-03-22,54.52,54.56,52.80,52.91,52.91,43728000
2019-03-25,51.94,52.64,50.89,52.08,52.08,51075000
2019-03-26,52.89,54.05,52.89,53.55,53.55,36754500
2019-03-27,53.75,55.07,53.64,54.97,54.97,43896000
2019-03-28,55.43,56.07,55.02,55.72,55.72,33870500
2019-03-29,55.74,56.03,54.90,55.97,55.97,29956500
2019-04-01,56.52,57.84,56.26,57.84,57.84,40552000
2019-04-02,57.66,57.89,56.78,57.18,57.18,27394500
2019-04-03,57.46,59.23,57.43,58.36,58.36,39597000
2019-04-04,52.38,54.24,52.12,53.56,53.56,118603500
2019-04-05,53.97,55.22,53.22,54.99,54.99,65191500
2019-04-08,55.54,56.23,54.09,54.64,54.64,52052000
2019-04-09,54.33,55.00,53.92,54.46,54.46,29520000
2019-04-10,55.35,55.68,54.58,55.21,55.21,35306500
2019-04-11,53.66,54.10,53.12,53.68,53.68,49179500
2019-04-12,54.04,54.39,53.37,53.54,53.54,33730000
2019-04-15,53.73,53.78,51.73,53.28,53.28,50193000
2019-04-16,53.15,55.00,52.94,54.67,54.67,36364500
2019-04-17,54.95,54.96,53.71,54.25,54.25,25632500
2019-04-18,54.25,54.97,53.95,54.65,54.65,29381500
2019-04-22,53.80,53.94,52.50,52.55,52.55,60735500
2019-04-23,52.03,53.12,51.15,52.78,52.78,54719500
2019-04-24,52.77,53.06,51.60,51.73,51.73,53637500
2019-04-25,51.00,51.80,49.21,49.53,49.53,109247000
2019-04-26,49.30,49.34,46.23,47.03,47.03,111803500
2019-04-29,47.17,48.80,46.43,48.29,48.29,83572500
2019-04-30,48.41,48.84,47.40,47.74,47.74,47323000
2019-05-01,47.77,48.00,46.30,46.80,46.80,53522000
2019-05-02,49.10,49.43,47.54,48.82,48.82,90796500
2019-05-03,48.77,51.32,48.70,51.01,51.01,118534000
2019-05-06,50.00,51.67,49.70,51.07,51.07,54169500
2019-05-07,51.36,51.44,49.02,49.41,49.41,50657000
2019-05-08,49.39,50.12,48.84,48.97,48.97,30882000
2019-05-09,48.40,48.74,47.39,48.40,48.40,33557000
2019-05-10,47.95,48.40,47.20,47.90,47.90,35041500
2019-05-13,46.40,46.49,44.90,45.40,45.40,54174000
2019-05-14,45.86,46.90,45.60,46.46,46.46,36262000
2019-05-15,45.86,46.49,45.05,46.39,46.39,36480000
2019-05-16,45.90,46.20,45.30,45.67,45.67,37416500
2019-05-17,44.39,44.45,41.78,42.21,42.21,88933500
2019-05-20,40.56,41.20,39.05,41.07,41.07,102631000
2019-05-21,39.55,41.48,39.21,41.02,41.02,90019500
2019-05-22,39.82,40.79,38.36,38.55,38.55,93426000
2019-05-23,38.87,39.89,37.24,39.10,39.10,132735500
2019-05-24,39.97,40.00,37.75,38.13,38.13,70683000
2019-05-28,38.24,39.00,37.57,37.74,37.74,51564500
2019-05-29,37.42,38.48,37.01,37.97,37.97,59843000
2019-05-30,37.75,38.45,37.40,37.64,37.64,39632500
2019-05-31,37.02,37.98,36.82,37.03,37.03,52033500
2019-06-03,37.10,37.34,35.40,35.79,35.79,65322000
2019-06-04,36.22,38.80,35.92,38.72,38.72,69037500
2019-06-05,39.74,40.26,38.37,39.32,39.32,67554000
2019-06-06,40.89,42.20,40.36,41.19,41.19,101211000
2019-06-07,41.00,42.17,40.70,40.90,40.90,80017500
2019-06-10,42.05,43.39,41.80,42.58,42.58,52925000
2019-06-11,43.83,44.18,42.70,43.42,43.42,58267500
2019-06-12,44.59,44.68,41.80,41.85,41.85,75987500
2019-06-13,42.08,42.98,41.50,42.78,42.78,40841500
2019-06-14,42.25,43.33,42.08,42.98,42.98,37167000
2019-06-17,43.10,45.40,42.85,45.01,45.01,61584000
2019-06-18,45.74,46.95,44.51,44.95,44.95,63579000
2019-06-19,45.02,45.55,44.21,45.29,45.29,32875500
2019-06-20,44.60,45.38,43.27,43.92,43.92,59317500
2019-06-21,43.24,44.44,43.10,44.37,44.37,41010500
2019-06-24,44.65,45.17,44.20,44.73,44.73,28754000
2019-06-25,44.88,45.07,43.90,43.95,43.95,30910500
2019-06-26,44.06,45.45,43.62,43.85,43.85,42536000
2019-06-27,43.89,44.58,43.47,44.57,44.57,31698500
2019-06-28,44.20,45.03,44.16,44.69,44.69,34257000
2019-07-01,46.04,46.62,45.26,45.43,45.43,41067000
2019-07-02,45.78,45.83,44.44,44.91,44.91,46295000
2019-07-03,47.88,48.31,46.90,46.98,46.98,71005500
2019-07-05,46.91,47.09,46.16,46.62,46.62,35328500
2019-07-08,46.25,46.45,45.73,46.07,46.07,29402500
2019-07-09,45.79,46.20,45.46,46.01,46.01,30954000
2019-07-10,46.83,47.79,46.63,47.78,47.78,45728500
2019-07-11,47.63,48.30,47.16,47.72,47.72,37572000
2019-07-12,47.95,49.08,47.94,49.02,49.02,46002500
2019-07-15,49.60,50.88,48.97,50.70,50.70,55000500
2019-07-16,49.86,50.71,49.59,50.48,50.48,40745000
2019-07-17,51.13,51.66,50.67,50.97,50.97,48823500
2019-07-18,51.01,51.15,50.38,50.71,50.71,23793000
2019-07-19,51.14,51.99,50.92,51.64,51.64,35242000
2019-07-22,51.75,52.43,50.84,51.14,51.14,34212000
2019-07-23,51.34,52.10,50.90,52.03,52.03,25115500
2019-07-24,51.83,53.21,51.63,52.98,52.98,55364000
2019-07-25,46.70,46.90,45.11,45.76,45.76,112091500
2019-07-26,45.38,46.05,44.45,45.61,45.61,50138500
2019-07-29,45.42,47.19,45.21,47.15,47.15,46366500
2019-07-30,46.58,48.67,46.44,48.45,48.45,40545000
2019-07-31,48.60,49.34,47.33,48.32,48.32,45891000
2019-08-01,48.53,48.90,46.35,46.77,46.77,41297500
2019-08-02,46.27,47.25,45.85,46.87,46.87,30682500
2019-08-05,45.92,46.27,45.16,45.66,45.66,35141500
2019-08-06,46.38,46.50,45.15,46.15,46.15,27821000
2019-08-07,45.30,46.71,45.16,46.68,46.68,23882500
2019-08-08,46.89,47.96,46.53,47.66,47.66,26371500
2019-08-09,47.21,47.79,46.76,47.00,47.00,19491000
2019-08-12,46.60,47.15,45.75,45.80,45.80,23319500
2019-08-13,45.76,47.20,45.51,47.00,47.00,24240500
2019-08-14,46.24,46.30,43.34,43.92,43.92,47813000
2019-08-15,44.17,44.31,42.31,43.13,43.13,40798000
2019-08-16,43.33,44.45,43.20,43.99,43.99,25492500
2019-08-19,44.84,45.57,44.34,45.37,45.37,26548000
2019-08-20,45.52,45.82,44.91,45.17,45.17,20626000
2019-08-21,44.40,44.64,43.52,44.17,44.17,38971500
2019-08-22,44.56,45.08,43.64,44.43,44.43,32795000
2019-08-23,43.99,44.23,42.20,42.28,42.28,42693000
2019-08-26,42.72,43.00,42.31,43.00,43.00,25259500
2019-08-27,43.15,43.76,42.41,42.82,42.82,27081000
2019-08-28,42.74,43.45,42.46,43.12,43.12,16127500
2019-08-29,43.80,44.68,43.60,44.34,44.34,25897500
2019-08-30,45.83,46.49,44.84,45.12,45.12,46603000
2019-09-03,44.82,45.79,44.63,45.00,45.00,26770500
2019-09-04,45.38,45.69,43.84,44.14,44.14,28805000
2019-09-05,44.50,45.96,44.17,45.92,45.92,36976500
2019-09-06,45.44,45.93,45.03,45.49,45.49,20947000
2019-09-09,46.00,46.75,45.85,46.36,46.36,24013500
2019-09-10,46.16,47.11,45.79,47.11,47.11,24418500
2019-09-11,47.48,49.63,47.20,49.42,49.42,50214000
2019-09-12,49.54,50.70,48.88,49.17,49.17,42906000
2019-09-13,49.39,49.69,48.97,49.04,49.04,26565500
2019-09-16,49.20,49.49,48.23,48.56,48.56,23640500
2019-09-17,48.49,49.12,48.07,48.96,48.96,19327000
2019-09-18,49.00,49.63,48.47,48.70,48.70,20851000
2019-09-19,49.20,49.59,48.97,49.32,49.32,23979000
2019-09-20,49.30,49.39,47.63,48.12,48.12,31765000
2019-09-23,48.00,49.04,47.84,48.25,48.25,21701000
2019-09-24,48.30,48.40,44.52,44.64,44.64,64457500
2019-09-25,44.91,45.80,43.67,45.74,45.74,47135500
2019-09-26,46.13,48.66,45.48,48.51,48.51,59422500
2019-09-27,48.44,49.74,47.75,48.43,48.43,55582000
2019-09-30,48.60,48.80,47.22,48.17,48.17,29399000
2019-10-01,48.30,49.19,47.83,48.94,48.94,30813000
2019-10-02,48.66,48.93,47.89,48.63,48.63,28157000
2019-10-03,46.37,46.90,44.86,46.61,46.61,75422500
2019-10-04,46.32,46.96,45.61,46.29,46.29,39975000
2019-10-07,45.96,47.71,45.71,47.54,47.54,40321000
2019-10-08,47.17,48.79,46.90,48.01,48.01,43391000
2019-10-09,48.26,49.46,48.13,48.91,48.91,34472000
2019-10-10,49.06,49.86,48.32,48.95,48.95,31416500
2019-10-11,49.43,50.22,49.36,49.58,49.58,42377000
2019-10-14,49.58,51.71,49.43,51.39,51.39,51025000
2019-10-15,51.54,52.00,50.82,51.58,51.58,32164000
2019-10-16,51.48,52.42,51.38,51.95,51.95,33420500
2019-10-17,52.50,52.96,52.03,52.39,52.39,23846500
2019-10-18,52.14,52.56,51.02,51.39,51.39,28749000
2019-10-21,51.67,51.90,50.04,50.70,50.70,25101500
2019-10-22,50.86,51.67,50.17,51.12,51.12,23004000
2019-10-23,50.90,51.23,50.27,50.94,50.94,26305500
2019-10-24,59.67,60.99,57.84,59.94,59.94,148604500
2019-10-25,59.54,66.00,59.22,65.63,65.63,150030500
2019-10-28,65.51,68.17,64.52,65.54,65.54,94351500
2019-10-29,64.00,64.86,62.95,63.24,63.24,63421500
2019-10-30,62.60,63.76,61.99,63.00,63.00,48209000
2019-10-31,62.62,63.80,62.60,62.98,62.98,25335000
2019-11-01,63.26,63.30,61.96,62.66,62.66,31919500
2019-11-04,62.96,64.39,61.85,63.49,63.49,43935000
2019-11-05,63.92,64.70,63.22,63.44,63.44,34717000
2019-11-06,63.60,65.34,62.90,65.32,65.32,39704500
2019-11-07,65.83,68.30,65.60,67.11,67.11,72336500
2019-11-08,66.90,67.49,66.50,67.43,67.43,30346000
2019-11-11,68.79,69.84,68.40,69.02,69.02,49933500
2019-11-12,69.38,70.07,68.81,69.99,69.99,36797000
2019-11-13,71.00,71.27,69.04,69.22,69.22,42100500
2019-11-14,69.22,70.77,68.58,69.87,69.87,32324500
2019-11-15,70.13,70.56,69.67,70.43,70.43,24045000
2019-11-18,70.58,70.63,69.22,70.00,70.00,22002000
2019-11-19,70.35,72.00,69.56,71.90,71.90,38624000
2019-11-20,72.00,72.24,69.91,70.44,70.44,33625500
2019-11-21,70.90,72.17,70.80,70.97,70.97,30550000
2019-11-22,68.03,68.20,66.00,66.61,66.61,84353000
2019-11-25,68.86,68.91,66.89,67.27,67.27,61697500
2019-11-26,67.05,67.10,65.42,65.78,65.78,39737000
2019-11-27,66.22,66.79,65.71,66.26,66.26,27778000
2019-11-29,66.22,66.25,65.50,65.99,65.99,12328000
2019-12-02,65.88,67.28,65.74,66.97,66.97,30372500
2019-12-03,66.52,67.58,66.44,67.24,67.24,32868500
2019-12-04,67.55,67.57,66.57,66.61,66.61,27665000
2019-12-05,66.57,66.88,65.45,66.07,66.07,18623000
2019-12-06,67.00,67.77,66.95,67.18,67.18,38062000
2019-12-09,67.32,68.89,67.02,67.91,67.91,45115500
2019-12-10,67.99,70.15,67.86,69.77,69.77,44141500
2019-12-11,70.38,71.44,70.22,70.54,70.54,34489000
2019-12-12,70.98,72.55,70.65,71.94,71.94,38819500
2019-12-13,72.21,73.04,70.93,71.68,71.68,32854500
2019-12-16,72.51,76.72,72.50,76.30,76.30,90871000
2019-12-17,75.80,77.10,75.18,75.80,75.80,42484000
2019-12-18,76.13,79.04,76.12,78.63,78.63,70605000
2019-12-19,79.46,81.37,79.30,80.81,80.81,90535500
2019-12-20,82.06,82.60,80.04,81.12,81.12,73763500
2019-12-23,82.36,84.40,82.00,83.84,83.84,66598000
2019-12-24,83.67,85.09,82.54,85.05,85.05,40273500
2019-12-26,85.58,86.70,85.27,86.19,86.19,53169500
2019-12-27,87.00,87.06,85.22,86.08,86.08,49728500
2019-12-30,85.76,85.80,81.85,82.94,82.94,62932000
2019-12-31,81.00,84.26,80.42,83.67,83.67,51428500
2020-01-02,84.90,86.14,84.34,86.05,86.05,47660500
2020-01-03,88.10,90.80,87.38,88.60,88.60,88892500
2020-01-06,88.09,90.31,88.00,90.31,90.31,50665000
2020-01-07,92.28,94.33,90.67,93.81,93.81,89410500
2020-01-08,94.74,99.70,93.65,98.43,98.43,155721500
2020-01-09,99.42,99.76,94.57,96.27,96.27,142202000
2020-01-10,96.36,96.99,94.74,95.63,95.63,64797500
2020-01-13,98.70,105.13,98.40,104.97,104.97,132588000
2020-01-14,108.85,109.48,104.98,107.58,107.58,144981000
2020-01-15,105.95,107.57,103.36,103.70,103.70,86844000
2020-01-16,98.75,102.89,98.43,102.70,102.70,108683500
2020-01-17,101.52,103.13,100.63,102.10,102.10,68145500
2020-01-21,106.05,109.72,105.68,109.44,109.44,89017500
2020-01-22,114.38,118.90,111.82,113.91,113.91,156845000
2020-01-23,112.85,116.40,111.12,114.44,114.44,98255000
2020-01-24,114.13,114.77,110.85,112.96,112.96,71768000
2020-01-27,108.40,112.89,107.86,111.60,111.60,68040500
2020-01-28,113.70,115.36,111.62,113.38,113.38,58942500
2020-01-29,115.14,117.96,113.49,116.20,116.20,89007500
2020-01-30,126.48,130.18,123.60,128.16,128.16,145028500
2020-01-31,128.00,130.60,126.50,130.11,130.11,78596500
2020-02-03,134.74,157.23,134.70,156.00,156.00,236167500
2020-02-04,176.59,193.80,166.78,177.41,177.41,304694000
2020-02-05,164.65,169.20,140.82,146.94,146.94,242119000
2020-02-06,139.98,159.17,137.40,149.79,149.79,199404000
2020-02-07,146.11,153.95,146.00,149.61,149.61,85317500
2020-02-10,160.00,164.00,150.48,154.26,154.26,123446000
2020-02-11,153.76,156.70,151.60,154.88,154.88,58487500
2020-02-12,155.57,157.95,152.67,153.46,153.46,60112500
2020-02-13,148.37,163.60,147.00,160.80,160.80,131446500
2020-02-14,157.44,162.59,157.10,160.01,160.01,78468500
2020-02-18,168.32,172.00,166.47,171.68,171.68,81908500
2020-02-19,184.70,188.96,180.20,183.48,183.48,127115000
2020-02-20,182.39,182.40,171.99,179.88,179.88,88174500
2020-02-21,181.40,182.61,176.09,180.20,180.20,71574000
2020-02-24,167.80,172.70,164.44,166.76,166.76,75961000
2020-02-25,169.80,171.32,157.40,159.98,159.98,86452500
2020-02-26,156.50,162.66,155.22,155.76,155.76,70427500
2020-02-27,146.00,147.95,133.80,135.80,135.80,121386000
2020-02-28,125.94,138.10,122.30,133.60,133.60,122821000
2020-03-02,142.25,148.74,137.33,148.72,148.72,100975000
2020-03-03,161.00,161.40,143.22,149.10,149.10,128920000
2020-03-04,152.79,153.30,144.95,149.90,149.90,75245000
2020-03-05,144.75,149.15,143.61,144.91,144.91,54263500
2020-03-06,138.00,141.40,136.85,140.70,140.70,63314500
2020-03-09,121.08,132.60,121.00,121.60,121.60,85368500
2020-03-10,131.89,133.60,121.60,129.07,129.07,77972000
2020-03-11,128.04,130.72,122.60,126.85,126.85,66612500
2020-03-12,116.18,118.90,109.25,112.11,112.11,94545500
2020-03-13,119.00,121.51,100.40,109.32,109.32,113201500
2020-03-16,93.90,98.97,88.43,89.01,89.01,102447500
2020-03-17,88.00,94.37,79.20,86.04,86.04,119973000
2020-03-18,77.80,80.97,70.10,72.24,72.24,118931000
2020-03-19,74.94,90.40,71.69,85.53,85.53,150977500
2020-03-20,87.64,95.40,85.16,85.51,85.51,141427500
2020-03-23,86.72,88.40,82.10,86.86,86.86,82272500
2020-03-24,95.46,102.74,94.80,101.00,101.00,114476000
2020-03-25,109.05,111.40,102.22,107.85,107.85,106113500
2020-03-26,109.48,112.00,102.45,105.63,105.63,86903500
2020-03-27,101.00,105.16,98.81,102.87,102.87,71887000
2020-03-30,102.05,103.33,98.25,100.43,100.43,59990500
2020-03-31,100.25,108.59,99.40,104.80,104.80,88857500
2020-04-01,100.80,102.79,95.02,96.31,96.31,66766000
2020-04-02,96.21,98.85,89.28,90.89,90.89,99292000
2020-04-03,101.90,103.10,93.68,96.00,96.00,22562100
2020-04-06,102.24,104.20,99.59,103.25,103.25,14901800
2020-04-07,109.00,113.00,106.47,109.09,109.09,17919800
2020-04-08,110.84,111.44,106.67,109.77,109.77,12656000
2020-04-09,112.42,115.04,111.42,114.60,114.60,13650000
2020-04-13,118.03,130.40,116.11,130.19,130.19,22475400
2020-04-14,139.79,148.38,138.49,141.98,141.98,30576500
2020-04-15,148.40,150.63,142.00,145.97,145.97,23577000
2020-04-16,143.39,151.89,141.34,149.04,149.04,20657900
2020-04-17,154.46,154.99,149.53,150.78,150.78,13128200
2020-04-20,146.54,153.11,142.44,149.27,149.27,14746600
2020-04-21,146.02,150.67,134.76,137.34,137.34,20209100
2020-04-22,140.80,146.80,137.74,146.42,146.42,14224800
2020-04-23,145.52,146.80,140.63,141.13,141.13,13236700
2020-04-24,142.16,146.15,139.64,145.03,145.03,13237600
2020-04-27,147.52,159.90,147.00,159.75,159.75,20681400
2020-04-28,159.13,161.00,151.34,153.82,153.82,15222000
2020-04-29,158.03,160.64,156.63,160.10,160.10,16216000
2020-04-30,171.04,173.96,152.70,156.38,156.38,28471900
2020-05-01,151.00,154.55,136.61,140.26,140.26,32531800
2020-05-04,140.20,152.40,139.60,152.24,152.24,19237100
2020-05-05,157.96,159.78,152.44,153.64,153.64,16991700
2020-05-06,155.30,157.96,152.22,156.52,156.52,11123200
2020-05-07,155.44,159.28,154.47,156.01,156.01,11527700
2020-05-08,158.75,164.80,157.40,163.88,163.88,16130100
2020-05-11,158.10,164.80,157.00,162.26,162.26,16519600
2020-05-12,165.40,168.66,161.60,161.88,161.88,15906900
2020-05-13,164.17,165.20,152.66,158.19,158.19,19065500
2020-05-14,156.00,160.67,152.80,160.67,160.67,13682200
2020-05-15,158.07,161.01,157.31,159.83,159.83,10518400
2020-05-18,165.56,166.94,160.78,162.73,162.73,11698100
2020-05-19,163.03,164.41,161.22,161.60,161.60,9636500
2020-05-20,164.10,165.20,162.36,163.11,163.11,7309300
2020-05-21,163.20,166.50,159.20,165.52,165.52,12254600
2020-05-22,164.43,166.36,162.40,163.38,163.38,9987500
2020-05-26,166.90,166.92,163.14,163.77,163.77,8089700
2020-05-27,164.17,165.54,157.00,164.05,164.05,11549500
2020-05-28,162.70,164.95,160.34,161.16,161.16,7255600
2020-05-29,161.75,167.00,160.84,167.00,167.00,11812500
2020-06-01,171.60,179.80,170.82,179.62,179.62,14939500
2020-06-02,178.94,181.73,174.20,176.31,176.31,13565600
2020-06-03,177.62,179.59,176.02,176.59,176.59,7949500
2020-06-04,177.98,179.15,171.69,172.88,172.88,8887700
2020-06-05,175.57,177.30,173.24,177.13,177.13,7811900
2020-06-08,183.80,190.00,181.83,189.98,189.98,14174700
2020-06-09,188.00,190.89,184.79,188.13,188.13,11388200
2020-06-10,198.38,205.50,196.50,205.01,205.01,18563400
2020-06-11,198.04,203.79,194.40,194.57,194.57,15916500
2020-06-12,196.00,197.60,182.52,187.06,187.06,16730200
2020-06-15,183.56,199.77,181.70,198.18,198.18,15697200
2020-06-16,202.37,202.58,192.48,196.43,196.43,14051100
2020-06-17,197.54,201.00,196.51,198.36,198.36,9869400
2020-06-18,200.60,203.84,198.89,200.79,200.79,9751900
2020-06-19,202.56,203.19,198.27,200.18,200.18,8639300
2020-06-22,199.99,201.78,198.00,198.86,198.86,31812000
2020-06-23,199.78,202.40,198.80,200.36,200.36,31826500
2020-06-24,198.82,200.18,190.63,192.17,192.17,54798000
2020-06-25,190.85,197.20,187.43,197.20,197.20,46272500
2020-06-26,198.96,199.00,190.97,191.95,191.95,44274500
2020-06-29,193.80,202.00,189.70,201.87,201.87,45132000
2020-06-30,201.30,217.54,200.75,215.96,215.96,84592500
2020-07-01,216.60,227.07,216.10,223.93,223.93,66634500
2020-07-02,244.30,245.60,237.12,241.73,241.73,86250500
2020-07-06,255.34,275.56,253.21,274.32,274.32,102849500
2020-07-07,281.00,285.90,267.34,277.97,277.97,107448500
2020-07-08,281.00,283.45,262.27,273.18,273.18,81556500
2020-07-09,279.40,281.71,270.26,278.86,278.86,58588000
2020-07-10,279.20,309.78,275.20,308.93,308.93,116688000
2020-07-13,331.80,359.00,294.22,299.41,299.41,194927000
2020-07-14,311.20,318.00,286.20,303.36,303.36,117090500
2020-07-15,308.60,310.00,291.40,309.20,309.20,81839000
2020-07-16,295.43,306.34,293.20,300.13,300.13,71504000
2020-07-17,302.69,307.50,298.00,300.17,300.17,46650000
2020-07-20,303.80,330.00,297.60,328.60,328.60,85607000
2020-07-21,327.99,335.00,311.60,313.67,313.67,80786500
2020-07-22,319.80,325.28,312.40,318.47,318.47,70805500
2020-07-23,335.79,337.80,296.15,302.61,302.61,121642500
2020-07-24,283.20,293.00,273.31,283.40,283.40,96983000
2020-07-27,287.00,309.59,282.60,307.92,307.92,80243500
2020-07-28,300.80,312.94,294.88,295.30,295.30,79043500
2020-07-29,300.20,306.96,297.40,299.82,299.82,47134500
2020-07-30,297.60,302.65,294.20,297.50,297.50,38105000
2020-07-31,303.00,303.41,284.20,286.15,286.15,61235000
2020-08-03,289.84,301.96,288.88,297.00,297.00,44046500
2020-08-04,299.00,305.48,292.40,297.40,297.40,42075000
2020-08-05,298.60,299.97,293.66,297.00,297.00,24890000
2020-08-06,298.17,303.46,295.45,297.92,297.92,29961500
2020-08-07,299.91,299.95,283.00,290.54,290.54,44482000
2020-08-10,289.60,291.50,277.17,283.71,283.71,37611500
2020-08-11,279.20,284.00,273.00,274.88,274.88,43129000
2020-08-12,294.00,317.00,287.00,310.95,310.95,109494000
2020-08-13,322.20,330.24,313.45,324.20,324.20,102126500
2020-08-14,333.00,333.76,325.33,330.14,330.14,62888000
2020-08-17,335.40,369.17,334.57,367.13,367.13,101211500
2020-08-18,379.80,384.78,369.02,377.42,377.42,82372500
2020-08-19,373.00,382.20,368.24,375.71,375.71,61026500
2020-08-20,372.14,404.40,371.41,400.37,400.37,103059000
2020-08-21,408.95,419.10,405.01,410.00,410.00,107448000
2020-08-24,425.26,425.80,385.50,402.84,402.84,100318000
2020-08-25,394.98,405.59,393.60,404.67,404.67,53294500
2020-08-26,412.00,433.20,410.73,430.63,430.63,71197000
2020-08-27,436.09,459.12,428.50,447.75,447.75,118465000
2020-08-28,459.02,463.70,437.30,442.68,442.68,100406000
2020-08-31,444.61,500.14,440.11,498.32,498.32,118374400
2020-09-01,502.14,502.49,470.51,475.05,475.05,90119400
2020-09-02,478.99,479.04,405.12,447.37,447.37,96176100
2020-09-03,407.23,431.80,402.00,407.00,407.00,87596100
2020-09-04,402.81,428.00,372.02,418.32,418.32,110321900
2020-09-08,356.00,368.74,329.88,330.21,330.21,115465700
2020-09-09,356.60,369.00,341.51,366.28,366.28,79465800
2020-09-10,386.21,398.99,360.56,371.34,371.34,84930600
2020-09-11,381.94,382.50,360.50,372.72,372.72,60717500
2020-09-14,380.95,420.00,373.30,419.62,419.62,83020600
2020-09-15,436.56,461.94,430.70,449.76,449.76,97298200
2020-09-16,439.87,457.79,435.31,441.76,441.76,72279300
2020-09-17,415.60,437.79,408.00,423.43,423.43,76779200
2020-09-18,447.94,451.00,428.80,442.15,442.15,86406800
2020-09-21,453.13,455.68,407.07,449.39,449.39,109476800
2020-09-22,429.60,437.76,417.60,424.23,424.23,79580800
2020-09-23,405.16,412.15,375.88,380.36,380.36,95074200
2020-09-24,363.80,399.50,351.30,387.79,387.79,96561100
2020-09-25,393.47,408.73,391.30,407.34,407.34,67208500
2020-09-28,424.62,428.08,415.55,421.20,421.20,49719600
2020-09-29,416.00,428.50,411.60,419.07,419.07,50219300
2020-09-30,421.32,433.93,420.47,429.01,429.01,48145600
2020-10-01,440.76,448.88,434.42,448.16,448.16,50741500
2020-10-02,421.39,439.13,415.00,415.09,415.09,71430000
2020-10-05,423.35,433.64,419.33,425.68,425.68,44722800
2020-10-06,423.79,428.78,406.05,413.98,413.98,49146300
2020-10-07,419.87,429.90,413.85,425.30,425.30,43127700
2020-10-08,438.44,439.00,425.30,425.92,425.92,40421100
2020-10-09,430.13,434.59,426.46,434.00,434.00,28925700
2020-10-12,442.00,448.74,438.58,442.30,442.30,38791100
2020-10-13,443.35,448.89,436.60,446.65,446.65,34463700
2020-10-14,449.78,465.90,447.35,461.30,461.30,48045400
2020-10-15,450.31,456.57,442.50,448.88,448.88,35672400
2020-10-16,454.44,455.95,438.85,439.67,439.67,32775900
2020-10-19,446.24,447.00,428.87,430.83,430.83,36287800
2020-10-20,431.75,431.75,419.05,421.94,421.94,31656300
2020-10-21,422.70,432.95,421.25,422.64,422.64,32370500
2020-10-22,441.92,445.23,424.51,425.79,425.79,39993200
2020-10-23,421.84,422.89,407.38,420.63,420.63,33717000
2020-10-26,411.63,425.76,410.00,420.28,420.28,28239200
2020-10-27,423.76,430.50,420.10,424.68,424.68,22686500
2020-10-28,416.48,418.60,406.00,406.02,406.02,25451400
2020-10-29,409.96,418.06,406.46,410.83,410.83,22655300
2020-10-30,406.90,407.59,379.11,388.04,388.04,42511300
2020-11-02,394.00,406.98,392.30,400.51,400.51,29021100
2020-11-03,409.73,427.77,406.69,423.90,423.90,34351700
2020-11-04,430.62,435.40,417.10,420.98,420.98,32143100
2020-11-05,428.30,440.00,424.00,438.09,438.09,28414500
2020-11-06,436.10,436.57,424.28,429.95,429.95,21706000
2020-11-09,439.50,452.50,421.00,421.26,421.26,34833000
2020-11-10,420.09,420.09,396.03,410.36,410.36,30284200
2020-11-11,416.45,418.70,410.58,417.13,417.13,17357700
2020-11-12,415.05,423.00,409.52,411.76,411.76,19855100
2020-11-13,410.85,412.53,401.66,408.50,408.50,19771100
2020-11-16,408.93,412.45,404.09,408.09,408.09,26838600
2020-11-17,460.17,462.00,433.01,441.61,441.61,61188300
2020-11-18,448.35,496.00,443.50,486.64,486.64,78044000
2020-11-19,492.00,508.61,487.57,499.27,499.27,62475300
2020-11-20,497.99,502.50,489.06,489.61,489.61,32807300
2020-11-23,503.50,526.00,501.79,521.85,521.85,50260300
2020-11-24,540.40,559.99,526.20,555.38,555.38,53648500
2020-11-25,550.06,574.00,545.37,574.00,574.00,48930200
2020-11-27,581.16,598.78,578.45,585.76,585.76,37561100
2020-11-30,602.21,607.80,554.51,567.60,567.60,63003100
2020-12-01,597.59,597.85,572.05,584.76,584.76,40382800
2020-12-02,556.44,571.54,541.21,568.82,568.82,47775700
2020-12-03,590.02,598.97,582.43,593.38,593.38,42552000
2020-12-04,591.01,599.04,585.50,599.04,599.04,29401300
2020-12-07,604.92,648.79,603.05,641.76,641.76,56309700
2020-12-08,625.51,651.28,618.50,649.88,649.88,64265000
2020-12-09,653.69,654.32,588.00,604.48,604.48,71291200
2020-12-10,574.37,627.75,566.34,627.07,627.07,67083200
2020-12-11,615.01,624.00,596.80,609.99,609.99,46475000
2020-12-14,619.00,642.75,610.20,639.83,639.83,52040600
2020-12-15,643.28,646.90,623.80,633.25,633.25,45223600
2020-12-16,628.23,632.50,605.00,622.77,622.77,42095800
2020-12-17,628.19,658.82,619.50,655.90,655.90,56038300
