Date,Open,High,Low,Close,Volume
2016-12-17,785.17,792.51,784.86,790.83,78989800
2016-12-18,791.01,794.74,788.03,790.53,60524400
2016-12-19,790.69,793.61,790.32,792.71,74886400
2016-12-20,792.25,801.34,791.50,800.88,99629296
2016-12-21,800.64,834.28,799.41,834.28,155576000
2016-12-22,834.18,875.78,834.15,864.54,200027008
2016-12-23,864.89,925.12,864.68,921.98,275564000
2016-12-24,922.18,923.48,886.34,898.82,137727008
2016-12-25,899.65,899.65,862.42,896.18,143664992
2016-12-26,896.91,913.18,896.90,907.61,123771000
2016-12-27,908.35,940.05,904.26,933.20,167308000
2016-12-28,934.83,975.92,934.83,975.92,236630000
2016-12-29,975.13,979.40,954.50,973.50,199320000
2016-12-30,972.53,972.53,934.83,961.24,187474000
2016-12-31,960.63,963.74,947.24,963.74,99135104
2017-01-01,963.66,1003.08,958.70,998.33,147775008
2017-01-02,998.62,1031.39,996.70,1021.75,222184992
2017-01-03,1021.60,1044.08,1021.60,1043.84,185168000
2017-01-04,1044.40,1159.42,1044.40,1154.73,344945984
2017-01-05,1156.73,1191.10,910.42,1013.38,510199008
2017-01-06,1014.24,1046.81,883.94,902.20,351876000
2017-01-07,903.49,908.59,823.56,908.59,279550016
2017-01-08,908.17,942.72,887.25,911.20,158715008
2017-01-09,913.24,913.69,879.81,902.83,141876992
2017-01-10,902.44,914.87,901.06,907.68,115808000
2017-01-11,908.11,919.45,762.77,777.76,310928992
2017-01-12,775.18,826.25,755.76,804.83,222326000
2017-01-13,803.74,829.00,780.00,823.98,168968000
2017-01-14,825.14,835.09,812.46,818.41,93063296
2017-01-15,818.14,823.31,812.87,821.80,71013600
2017-01-16,821.78,834.53,820.27,831.53,82755200
2017-01-17,830.95,910.56,830.80,907.94,155095008
2017-01-18,909.37,917.50,858.30,886.62,225676992
2017-01-19,888.34,904.61,884.34,899.07,105625000
2017-01-20,898.17,899.40,887.01,895.03,86728400
2017-01-21,895.55,927.37,895.53,921.79,111158000
2017-01-22,922.21,937.53,897.56,924.67,116573000
2017-01-23,925.50,928.27,916.74,921.01,73588600
2017-01-24,910.68,924.15,892.29,892.69,111349000
2017-01-25,891.92,903.25,891.69,901.54,120831000
2017-01-26,902.40,919.33,902.22,917.59,131958000
2017-01-27,918.36,923.22,915.85,919.75,125594000
2017-01-28,919.81,923.91,919.81,921.59,68979600
2017-01-29,922.07,923.42,919.15,919.50,60851700
2017-01-30,920.15,923.05,919.47,920.38,78227296
2017-01-31,920.96,972.02,920.96,970.40,164582000
2017-02-01,970.94,989.11,970.74,989.02,150110000
2017-02-02,990.00,1013.52,983.22,1011.80,145820992
2017-02-03,1011.46,1033.87,1008.79,1029.91,201278000
2017-02-04,1031.33,1045.90,1015.16,1042.90,155064000
2017-02-05,1043.52,1043.63,1022.37,1027.34,114208000
2017-02-06,1028.40,1044.64,1028.16,1038.15,111762000
2017-02-07,1040.14,1061.93,1040.14,1061.35,146007008
2017-02-08,1062.32,1078.97,1037.49,1063.07,201855008
2017-02-09,1064.70,1088.99,953.34,994.38,407220000
2017-02-10,995.63,998.91,946.69,988.67,190452000
2017-02-11,988.90,1009.29,982.83,1004.45,102261000
2017-02-12,1003.52,1004.76,996.92,999.18,67530000
2017-02-13,998.89,1002.10,976.00,990.64,100607000
2017-02-14,991.73,1011.51,986.47,1004.55,137946000
2017-02-15,1006.21,1008.84,1001.58,1007.48,89759400
2017-02-16,1007.65,1033.37,1007.65,1027.44,122277000
2017-02-17,1026.12,1053.17,1025.64,1046.21,136474000
2017-02-18,1049.21,1061.10,1046.96,1054.42,99073504
2017-02-19,1054.76,1056.81,1043.46,1047.87,77423296
2017-02-20,1048.69,1080.49,1041.69,1079.98,109478000
2017-02-21,1079.28,1117.25,1076.93,1115.30,186868992
2017-02-22,1114.80,1125.39,1100.55,1117.44,136100000
2017-02-23,1117.27,1176.62,1116.96,1166.72,189454000
2017-02-24,1172.71,1200.39,1131.96,1173.68,330759008
2017-02-25,1170.41,1174.85,1124.59,1143.84,139960992
2017-02-26,1144.27,1167.47,1130.20,1165.20,116486000
2017-02-27,1163.78,1181.98,1163.38,1179.97,131570000
2017-02-28,1180.72,1193.25,1171.82,1179.97,184956000
2017-03-01,1180.04,1222.50,1179.69,1222.50,229056992
2017-03-02,1224.68,1262.13,1215.62,1251.01,368275008
2017-03-03,1250.71,1280.31,1250.71,1274.99,315739008
2017-03-04,1277.43,1279.40,1230.51,1255.15,183270000
2017-03-05,1254.29,1267.29,1238.06,1267.12,134127000
2017-03-06,1267.47,1276.00,1264.60,1272.83,153656992
2017-03-07,1273.21,1275.55,1204.80,1223.54,291256000
2017-03-08,1223.23,1232.16,1148.08,1150.00,332603008
2017-03-09,1150.35,1197.46,1141.23,1188.49,212283008
2017-03-10,1189.36,1270.47,1077.25,1116.72,563795968
2017-03-11,1116.32,1193.83,1116.32,1175.83,283320000
2017-03-12,1176.62,1226.98,1175.36,1221.38,227176000
2017-03-13,1221.78,1237.37,1217.03,1231.92,380276992
2017-03-14,1232.16,1244.81,1220.72,1240.00,245306000
2017-03-15,1240.16,1251.61,1239.75,1249.61,297804992
2017-03-16,1251.33,1257.98,1152.44,1187.81,638568000
2017-03-17,1180.16,1180.16,1099.57,1100.23,706598976
2017-03-18,1099.69,1114.07,957.66,973.82,621302016
2017-03-19,976.73,1069.91,976.73,1036.74,406648000
2017-03-20,1037.24,1063.03,1036.68,1054.23,286529984
2017-03-21,1055.36,1122.43,1055.36,1120.54,337391008
2017-03-22,1120.65,1120.65,1014.21,1049.14,380840992
2017-03-23,1050.05,1058.01,1028.93,1038.59,248540000
2017-03-24,1038.45,1040.47,934.36,937.52,491038016
2017-03-25,936.54,975.76,903.71,972.78,435803008
2017-03-26,974.02,1007.96,954.19,966.72,303668000
2017-03-27,972.05,1046.40,971.98,1045.77,372535008
2017-03-28,1044.58,1064.65,1027.73,1047.15,326332000
2017-03-29,1046.08,1055.13,1015.88,1039.97,298457984
2017-03-30,1042.21,1049.29,1020.04,1026.43,352968992
2017-03-31,1026.64,1074.92,1026.64,1071.79,447287008
2017-04-01,1071.71,1091.72,1061.09,1080.50,289633984
2017-04-02,1080.61,1107.59,1075.45,1102.17,514187008
2017-04-03,1102.95,1151.74,1102.95,1143.81,580444032
2017-04-04,1145.52,1156.44,1120.52,1133.25,436310016
2017-04-05,1134.14,1135.09,1113.63,1124.78,414784000
2017-04-06,1125.81,1188.37,1125.81,1182.68,511222016
2017-04-07,1178.94,1186.58,1163.39,1176.90,317022016
2017-04-08,1172.65,1184.98,1162.58,1175.95,209312000
2017-04-09,1176.57,1197.21,1171.86,1187.87,242343008
2017-04-10,1187.30,1190.34,1179.04,1187.13,215883008
2017-04-11,1187.46,1208.07,1187.46,1205.01,216182000
2017-04-12,1204.81,1207.14,1196.76,1200.37,288702016
2017-04-13,1201.02,1205.89,1156.44,1169.28,351968992
2017-04-14,1170.33,1190.80,1159.79,1167.54,254827008
2017-04-15,1167.30,1188.00,1164.96,1172.52,203559008
2017-04-16,1172.61,1187.22,1172.61,1182.94,183231008
2017-04-17,1183.25,1194.90,1172.65,1193.91,253206000
2017-04-18,1193.77,1217.57,1193.77,1211.67,270524000
2017-04-19,1212.13,1215.51,1205.08,1210.29,288060992
2017-04-20,1211.08,1240.79,1208.41,1229.08,315108000
2017-04-21,1229.42,1235.94,1215.56,1222.05,272167008
2017-04-22,1222.71,1235.56,1208.47,1231.71,249320000
2017-04-23,1231.92,1232.20,1203.94,1207.21,258951008
2017-04-24,1209.63,1250.94,1209.63,1250.15,235806000
2017-04-25,1250.45,1267.58,1249.97,1265.49,242556000
2017-04-26,1265.99,1294.83,1265.93,1281.08,329631008
2017-04-27,1281.88,1319.70,1281.30,1317.73,449196992
2017-04-28,1317.74,1331.28,1292.37,1316.48,527488992
2017-04-29,1317.84,1327.20,1315.21,1321.79,422705984
2017-04-30,1321.87,1347.91,1314.92,1347.89,413115008
2017-05-01,1348.30,1434.32,1348.30,1421.60,713624000
2017-05-02,1421.03,1473.90,1415.69,1452.82,477337984
2017-05-03,1453.78,1492.77,1447.49,1490.09,583795968
2017-05-04,1490.72,1608.91,1490.72,1537.67,933548992
2017-05-05,1540.87,1618.03,1530.31,1555.45,946035968
2017-05-06,1556.81,1578.80,1542.50,1578.80,582529984
2017-05-07,1579.47,1596.72,1559.76,1596.71,1080029952
2017-05-08,1596.92,1723.35,1596.92,1723.35,1340320000
2017-05-09,1723.89,1833.49,1716.30,1755.36,1167920000
2017-05-10,1756.52,1788.44,1719.10,1787.13,915723008
2017-05-11,1780.37,1873.93,1755.35,1848.57,799489984
2017-05-12,1845.76,1856.15,1694.01,1724.24,740984000
2017-05-13,1723.12,1812.99,1651.08,1804.91,579635008
2017-05-14,1800.86,1831.42,1776.62,1808.91,437196000
2017-05-15,1808.44,1812.80,1708.54,1738.43,731529024
2017-05-16,1741.70,1785.94,1686.54,1734.45,959044992
2017-05-17,1726.73,1864.05,1661.91,1839.09,1064729984
2017-05-18,1818.70,1904.48,1807.12,1888.65,894321024
2017-05-19,1897.37,2004.52,1890.25,1987.71,1157289984
2017-05-20,1984.24,2084.73,1974.92,2084.73,961336000
2017-05-21,2067.03,2119.08,2037.50,2041.20,1147859968
2017-05-22,2043.19,2303.90,2017.87,2173.40,1942220032
2017-05-23,2191.56,2320.82,2178.50,2320.42,1378749952
2017-05-24,2321.37,2523.72,2321.37,2443.64,1725379968
2017-05-25,2446.24,2763.71,2285.30,2304.98,2406700032
2017-05-26,2320.89,2573.79,2071.99,2202.42,1763480064
2017-05-27,2196.27,2260.20,1855.83,2038.87,1700480000
2017-05-28,2054.08,2267.34,2054.08,2155.80,1147139968
2017-05-29,2159.43,2307.05,2107.17,2255.61,994625024
2017-05-30,2255.36,2301.96,2124.57,2175.47,1443970048
2017-05-31,2187.19,2311.08,2145.57,2286.41,1544829952
2017-06-01,2288.33,2448.39,2288.33,2407.88,1653180032
2017-06-02,2404.03,2488.55,2373.32,2488.55,1317030016
2017-06-03,2493.72,2581.91,2423.57,2515.35,1514950016
2017-06-04,2547.79,2585.89,2452.54,2511.81,1355120000
2017-06-05,2512.40,2686.81,2510.22,2686.81,1369309952
2017-06-06,2690.84,2999.91,2690.84,2863.20,2089609984
2017-06-07,2869.38,2869.38,2700.56,2732.16,1517709952
2017-06-08,2720.49,2815.30,2670.95,2805.62,1281170048
2017-06-09,2807.44,2901.71,2795.62,2823.81,1348950016
2017-06-10,2828.14,2950.99,2746.55,2947.71,2018889984
2017-06-11,2942.41,2996.60,2840.53,2958.11,1752400000
2017-06-12,2953.22,2997.26,2518.56,2659.63,2569530112
2017-06-13,2680.91,2789.04,2650.38,2717.02,1781200000
2017-06-14,2716.88,2786.83,2412.94,2506.37,1696560000
2017-06-15,2499.58,2534.71,2212.96,2464.58,2026259968
2017-06-16,2469.57,2539.92,2385.15,2518.56,1195190016
2017-06-17,2514.01,2685.19,2484.96,2655.88,1534509952
2017-06-18,2655.35,2662.10,2516.33,2548.29,1178659968
2017-06-19,2549.03,2662.85,2549.03,2589.60,1446840064
2017-06-20,2591.26,2763.45,2589.82,2721.79,1854189952
2017-06-21,2709.43,2772.01,2660.40,2689.10,1626579968
2017-06-22,2691.03,2723.74,2642.36,2705.41,1097939968
2017-06-23,2707.34,2765.17,2706.37,2744.91,961318976
2017-06-24,2738.52,2757.94,2583.19,2608.72,982750016
2017-06-25,2607.25,2682.26,2552.12,2589.41,1161100032
2017-06-26,2590.57,2615.25,2376.29,2478.45,1663280000
2017-06-27,2478.45,2552.45,2332.99,2552.45,1489789952
2017-06-28,2553.03,2603.98,2484.42,2574.79,1183869952
2017-06-29,2567.56,2588.83,2510.48,2539.32,949979008
2017-06-30,2539.24,2559.25,2478.43,2480.84,860273024
2017-07-01,2492.60,2515.27,2419.23,2434.55,779913984
2017-07-02,2436.40,2514.28,2394.84,2506.47,803747008
2017-07-03,2498.56,2595.00,2480.47,2564.06,964112000
2017-07-04,2561.00,2631.59,2559.35,2601.64,985516032
2017-07-05,2602.87,2622.65,2538.55,2601.99,941566016
2017-07-06,2608.10,2616.72,2581.69,2608.56,761956992
2017-07-07,2608.59,2916.14,2498.87,2518.66,917411968
2017-07-08,2520.27,2571.34,2492.31,2571.34,733329984
2017-07-09,2572.61,2635.49,2517.59,2518.44,527856000
2017-07-10,2525.25,2537.16,2321.13,2372.56,1111200000
2017-07-11,2385.89,2413.47,2296.81,2337.79,1329760000
2017-07-12,2332.77,2423.71,2275.14,2398.84,1117410048
2017-07-13,2402.70,2425.22,2340.83,2357.90,835769984
2017-07-14,2360.59,2363.25,2183.22,2233.34,882502976
2017-07-15,2230.12,2231.14,1990.41,1998.86,993608000
2017-07-16,1991.98,2058.77,1843.03,1929.82,1182870016
2017-07-17,1932.62,2230.49,1932.62,2228.41,1201760000
2017-07-18,2233.52,2387.61,2164.77,2318.88,1512450048
2017-07-19,2323.08,2397.17,2260.23,2273.43,1245100032
2017-07-20,2269.89,2900.70,2269.89,2817.60,2249260032
2017-07-21,2838.41,2838.41,2621.85,2667.76,1489449984
2017-07-22,2668.63,2862.42,2657.71,2810.12,1177129984
2017-07-23,2808.10,2832.18,2653.94,2730.40,1072840000
2017-07-24,2732.70,2777.26,2699.19,2754.86,866473984
2017-07-25,2757.50,2768.08,2480.96,2576.48,1460089984
2017-07-26,2577.77,2610.76,2450.80,2529.45,937404032
2017-07-27,2538.71,2693.32,2529.34,2671.78,789104000
2017-07-28,2679.73,2897.45,2679.73,2809.01,1380099968
2017-07-29,2807.02,2808.76,2692.80,2726.45,803745984
2017-07-30,2724.39,2758.53,2644.85,2757.18,705942976
2017-07-31,2763.24,2889.62,2720.61,2875.34,860574976
2017-08-01,2871.30,2921.35,2685.61,2718.26,1324669952
2017-08-02,2727.13,2762.53,2668.59,2710.67,1094950016
2017-08-03,2709.56,2813.31,2685.14,2804.73,804796992
2017-08-04,2806.93,2899.33,2743.72,2895.89,1002120000
2017-08-05,2897.63,3290.01,2874.83,3252.91,1945699968
2017-08-06,3257.61,3293.29,3155.60,3213.94,1105030016
2017-08-07,3212.78,3397.68,3180.89,3378.94,1482279936
2017-08-08,3370.22,3484.85,3345.83,3419.94,1752760064
2017-08-09,3420.40,3422.76,3247.67,3342.47,1468960000
2017-08-10,3341.84,3453.45,3319.47,3381.28,1515110016
2017-08-11,3373.82,3679.72,3372.12,3650.62,2021190016
2017-08-12,3650.63,3949.92,3613.70,3884.71,2219589888
2017-08-13,3880.04,4208.39,3857.80,4073.26,3159089920
2017-08-14,4066.10,4325.13,3989.16,4325.13,2463089920
2017-08-15,4326.99,4455.97,3906.18,4181.93,3258050048
2017-08-16,4200.34,4381.23,3994.42,4376.63,2272039936
2017-08-17,4384.44,4484.70,4243.71,4331.69,2553359872
2017-08-18,4324.34,4370.13,4015.40,4160.62,2941710080
2017-08-19,4137.75,4243.26,3970.55,4193.70,2975820032
2017-08-20,4189.31,4196.29,4069.88,4087.66,2109769984
2017-08-21,4090.48,4109.14,3988.60,4001.74,2800890112
2017-08-22,3998.35,4128.76,3674.58,4100.52,3764239872
2017-08-23,4089.01,4255.78,4078.41,4151.52,2369819904
2017-08-24,4137.60,4376.39,4130.26,4334.68,2037750016
2017-08-25,4332.82,4455.70,4307.35,4371.60,1727970048
2017-08-26,4372.06,4379.28,4269.52,4352.40,1511609984
2017-08-27,4345.10,4416.59,4317.29,4382.88,1537459968
2017-08-28,4384.45,4403.93,4224.64,4382.66,1959330048
2017-08-29,4389.21,4625.68,4352.13,4579.02,2486080000
2017-08-30,4570.36,4626.52,4471.41,4565.30,1937849984
2017-08-31,4555.59,4736.05,4549.40,4703.39,1944930048
2017-09-01,4701.76,4892.01,4678.53,4892.01,2599079936
2017-09-02,4901.42,4975.04,4469.24,4578.77,2722139904
2017-09-03,4585.27,4714.08,4417.59,4582.96,1933190016
2017-09-04,4591.63,4591.63,4108.40,4236.31,2987330048
2017-09-05,4228.29,4427.84,3998.11,4376.53,2697969920
2017-09-06,4376.59,4617.25,4376.59,4597.12,2172100096
2017-09-07,4589.14,4655.04,4491.33,4599.88,1844620032
2017-09-08,4605.16,4661.00,4075.18,4228.75,2700890112
2017-09-09,4229.81,4308.82,4114.11,4226.06,1386230016
2017-09-10,4229.34,4245.44,3951.04,4122.94,1679090048
2017-09-11,4122.47,4261.67,4099.40,4161.27,1557330048
2017-09-12,4168.88,4344.65,4085.22,4130.81,1864530048
2017-09-13,4131.98,4131.98,3789.92,3882.59,2219409920
2017-09-14,3875.37,3920.60,3153.86,3154.95,2716310016
2017-09-15,3166.30,3733.45,2946.62,3637.52,4148069888
2017-09-16,3637.75,3808.84,3487.79,3625.04,1818400000
2017-09-17,3606.28,3664.81,3445.64,3582.88,1239149952
2017-09-18,3591.09,4079.23,3591.09,4065.20,1943209984
2017-09-19,4073.79,4094.07,3868.87,3924.97,1563980032
2017-09-20,3916.36,4031.39,3857.73,3905.95,1213830016
2017-09-21,3901.47,3916.42,3613.63,3631.04,1411480064
2017-09-22,3628.02,3758.27,3553.53,3630.70,1194829952
2017-09-23,3629.92,3819.21,3594.58,3792.40,928113984
2017-09-24,3796.15,3796.15,3666.90,3682.84,768014976
2017-09-25,3681.58,3950.25,3681.58,3926.07,1374210048
2017-09-26,3928.41,3969.89,3869.90,3892.35,1043740032
2017-09-27,3892.94,4210.05,3884.82,4200.67,1686880000
2017-09-28,4197.13,4279.31,4109.70,4174.73,1712320000
2017-09-29,4171.62,4214.63,4039.29,4163.07,1367049984
2017-09-30,4166.11,4358.43,4160.86,4338.71,1207449984
2017-10-01,4341.05,4403.74,4269.81,4403.74,1208210048
2017-10-02,4395.81,4470.23,4377.46,4409.32,1431730048
2017-10-03,4408.46,4432.47,4258.89,4317.48,1288019968
2017-10-04,4319.37,4352.31,4210.42,4229.36,1116770048
2017-10-05,4229.88,4362.64,4164.05,4328.41,1161769984
2017-10-06,4324.46,4413.27,4320.53,4370.81,1069939968
2017-10-07,4369.35,4443.88,4321.05,4426.89,906928000
2017-10-08,4429.67,4624.14,4405.64,4610.48,1313869952
2017-10-09,4614.52,4878.71,4564.25,4772.02,1968739968
2017-10-10,4776.21,4922.17,4765.10,4781.99,1597139968
2017-10-11,4789.25,4873.73,4751.63,4826.48,1222279936
2017-10-12,4829.58,5446.91,4822.00,5446.91,2791610112
2017-10-13,5464.16,5840.30,5436.85,5647.21,3615480064
2017-10-14,5643.53,5837.70,5591.64,5831.79,1669030016
2017-10-15,5835.96,5852.48,5478.61,5678.19,1976039936
2017-10-16,5687.57,5776.23,5544.21,5725.59,2008070016
2017-10-17,5741.58,5800.35,5472.72,5605.51,1821570048
2017-10-18,5603.82,5603.82,5151.44,5590.69,2399269888
2017-10-19,5583.74,5744.35,5531.06,5708.52,1780540032
2017-10-20,5708.11,6060.11,5627.23,6011.45,2354429952
2017-10-21,5996.79,6194.88,5965.07,6031.60,2207099904
2017-10-22,6036.66,6076.26,5792.34,6008.42,2034630016
2017-10-23,6006.00,6075.59,5732.47,5930.32,2401840128
2017-10-24,5935.52,5935.52,5504.18,5526.64,2735699968
2017-10-25,5524.60,5754.33,5397.88,5750.80,1966989952
2017-10-26,5747.95,5976.80,5721.22,5904.83,1905040000
2017-10-27,5899.74,5988.39,5728.82,5780.90,1710130048
2017-10-28,5787.82,5876.72,5689.19,5753.09,1403920000
2017-10-29,5754.44,6255.71,5724.58,6153.85,2859040000
2017-10-30,6114.85,6214.99,6040.85,6130.53,1772150016
2017-10-31,6132.02,6470.43,6103.33,6468.40,2311379968
2017-11-01,6440.97,6767.31,6377.88,6767.31,2870320128
2017-11-02,6777.77,7367.33,6758.72,7078.50,4653770240
2017-11-03,7087.53,7461.29,7002.94,7207.76,3369860096
2017-11-04,7164.48,7492.86,7031.28,7379.95,2483800064
2017-11-05,7404.52,7617.48,7333.19,7407.41,2380410112
2017-11-06,7403.22,7445.77,7007.31,7022.76,3111899904
2017-11-07,7023.10,7253.32,7023.10,7144.38,2326340096
2017-11-08,7141.38,7776.42,7114.02,7459.69,4602200064
2017-11-09,7446.83,7446.83,7101.52,7143.58,3226249984
2017-11-10,7173.73,7312.00,6436.87,6618.14,5208249856
2017-11-11,6618.61,6873.15,6204.22,6357.60,4908680192
2017-11-12,6295.45,6625.05,5519.01,5950.07,8957349888
2017-11-13,5938.25,6811.19,5844.29,6559.49,6263249920
2017-11-14,6561.48,6764.98,6461.75,6635.75,3197110016
2017-11-15,6634.76,7342.25,6634.76,7315.54,4200880128
2017-11-16,7323.24,7967.38,7176.58,7871.69,5123809792
2017-11-17,7853.57,8004.59,7561.09,7708.99,4651670016
2017-11-18,7697.21,7884.99,7463.44,7790.15,3667190016
2017-11-19,7766.03,8101.91,7694.10,8036.49,3149319936
2017-11-20,8039.07,8336.86,7949.36,8200.64,3488450048
2017-11-21,8205.74,8348.66,7762.71,8071.26,4277609984
2017-11-22,8077.95,8302.26,8075.47,8253.55,3633530112
2017-11-23,8232.38,8267.40,8038.77,8038.77,4225179904
2017-11-24,8074.02,8374.16,7940.93,8253.69,5058610176
2017-11-25,8241.71,8790.92,8191.15,8790.92,4342060032
2017-11-26,8789.04,9522.93,8775.59,9330.55,5475579904
2017-11-27,9352.72,9818.35,9352.72,9818.35,5653320192
2017-11-28,9823.43,10125.70,9736.30,10058.80,6348819968
2017-11-29,10077.40,11517.40,9601.03,9888.61,11568799744
2017-11-30,9906.79,10801.00,9202.05,10233.60,8310689792
2017-12-01,10198.60,11046.70,9694.65,10975.60,6783119872
2017-12-02,10978.30,11320.20,10905.10,11074.60,5138500096
2017-12-03,11082.70,11858.70,10862.00,11323.20,6608309760
2017-12-04,11315.40,11657.20,11081.80,11657.20,6132409856
2017-12-05,11685.70,12032.00,11604.60,11916.70,6895260160
2017-12-06,11923.40,14369.10,11923.40,14291.50,12656300032
2017-12-07,14266.10,17899.70,14057.30,17899.70,17950699520
2017-12-08,17802.90,18353.40,14336.90,16569.40,21135998976
2017-12-09,16523.30,16783.00,13674.90,15178.20,13911300096
2017-12-10,15168.40,15850.60,13226.60,15455.40,13433299968
2017-12-11,15427.40,17513.90,15404.80,16936.80,12153900032
2017-12-12,16919.80,17781.80,16571.60,17415.40,14603799552
2017-12-13,17500.00,17653.10,16039.70,16408.20,12976900096
2017-12-14,16384.60,17085.80,16185.90,16564.00,13777399808
2017-12-15,16601.30,18154.10,16601.30,17706.90,14309999616
2017-12-16,17760.30,19716.70,17515.30,19497.40,12740599808
2017-12-17,19475.80,20089.00,18974.10,19140.80,13314599936
2017-12-18,19106.40,19371.00,18355.90,19114.20,14839499776
2017-12-19,19118.30,19177.80,17275.40,17776.70,16894499840
2017-12-20,17760.30,17934.70,16077.70,16624.60,22149699584
2017-12-21,16642.40,17567.70,15342.70,15802.90,16516599808
2017-12-22,15898.00,15943.40,11833.00,13831.80,22197999616
2017-12-23,13948.70,15603.20,13828.80,14699.20,13086000128
2017-12-24,14608.20,14626.00,12747.70,13925.80,11572299776
2017-12-25,13995.90,14593.00,13448.90,14026.60,10664699904
2017-12-26,14036.60,16461.20,14028.90,16099.80,13454300160
2017-12-27,16163.50,16930.90,15114.30,15838.50,12487600128
2017-12-28,15864.10,15888.40,13937.30,14606.50,12336499712
2017-12-29,14695.80,15279.00,14307.00,14656.20,13025500160
2017-12-30,14681.90,14681.90,12350.10,12952.20,14452599808
2017-12-31,12897.70,14377.40,12755.60,14156.40,12136299520
2018-01-01,14112.20,14112.20,13154.70,13657.20,10291200000
2018-01-02,13625.00,15444.60,13163.60,14982.10,16846600192
2018-01-03,14978.20,15572.80,14844.50,15201.00,16871900160
2018-01-04,15270.70,15739.70,14522.20,15599.20,21783199744
2018-01-05,15477.20,17705.20,15202.80,17429.50,23840899072
2018-01-06,17462.10,17712.40,16764.60,17527.00,18314600448
2018-01-07,17527.30,17579.60,16087.70,16477.60,15866000384
2018-01-08,16476.20,16537.90,14208.20,15170.10,18413899776
2018-01-09,15123.70,15497.50,14424.00,14595.40,16659999744
2018-01-10,14588.50,14973.30,13691.20,14973.30,18500800512
2018-01-11,14968.20,15018.80,13105.90,13405.80,16534099968
2018-01-12,13453.90,14229.90,13158.10,13980.60,12065699840
2018-01-13,13952.40,14659.50,13952.40,14360.20,12763599872
2018-01-14,14370.80,14511.80,13268.00,13772.00,11084099584
2018-01-15,13767.30,14445.50,13641.70,13819.80,12750799872
2018-01-16,13836.10,13843.10,10194.90,11490.50,18853799936
2018-01-17,11431.10,11678.00,9402.29,11188.60,18830600192
2018-01-18,11198.80,12107.30,10942.50,11474.90,15020399616
2018-01-19,11429.80,11992.80,11172.10,11607.40,10740400128
2018-01-20,11656.20,13103.00,11656.20,12899.20,11801700352
2018-01-21,12889.20,12895.90,11288.20,11600.10,9935179776
2018-01-22,11633.10,11966.40,10240.20,10931.40,10537400320
2018-01-23,10944.50,11377.60,10129.70,10868.40,9660609536
2018-01-24,10903.40,11501.40,10639.80,11359.40,9940989952
2018-01-25,11421.70,11785.70,11057.40,11259.40,8873169920
2018-01-26,11256.00,11656.70,10470.30,11171.40,9746199552
2018-01-27,11174.90,11614.90,10989.20,11440.70,7583269888
2018-01-28,11475.30,12040.30,11475.30,11786.30,8350360064
2018-01-29,11755.50,11875.60,11179.20,11296.40,7107359744
2018-01-30,11306.80,11307.20,10036.20,10106.30,8637859840
2018-01-31,10108.20,10381.60,9777.42,10221.10,8041160192
2018-02-01,10237.30,10288.80,8812.28,9170.54,9959400448
2018-02-02,9142.28,9142.28,7796.49,8830.75,12726899712
2018-02-03,8852.12,9430.75,8251.63,9174.91,7263790080
2018-02-04,9175.70,9334.87,8031.22,8277.01,7073549824
2018-02-05,8270.54,8364.84,6756.68,6955.27,9285289984
2018-02-06,7051.75,7850.70,6048.26,7754.00,13999800320
2018-02-07,7755.49,8509.11,7236.79,7621.30,9169280000
2018-02-08,7637.86,8558.77,7637.86,8265.59,9346750464
2018-02-09,8271.84,8736.98,7884.71,8736.98,6784820224
2018-02-10,8720.08,9122.55,8295.47,8621.90,7780960256
2018-02-11,8616.13,8616.13,7931.10,8129.97,6122189824
2018-02-12,8141.43,8985.92,8141.43,8926.57,6256439808
2018-02-13,8926.72,8958.47,8455.41,8598.31,5696719872
2018-02-14,8599.92,9518.54,8599.92,9494.63,7909819904
2018-02-15,9488.32,10234.80,9395.58,10166.40,9062540288
2018-02-16,10135.70,10324.10,9824.82,10233.90,7296159744
2018-02-17,10207.50,11139.50,10149.40,11112.70,8660880384
2018-02-18,11123.40,11349.80,10326.00,10551.80,8744009728
2018-02-19,10552.60,11273.80,10513.20,11225.30,7652089856
2018-02-20,11231.80,11958.50,11231.80,11403.70,9926540288
2018-02-21,11372.20,11418.50,10479.10,10690.40,9405339648
2018-02-22,10660.40,11039.10,9939.09,10005.00,8040079872
2018-02-23,9937.07,10487.30,9734.56,10301.10,7739500032
2018-02-24,10287.70,10597.20,9546.97,9813.07,6917929984
2018-02-25,9796.42,9923.22,9407.06,9664.73,5706939904
2018-02-26,9669.43,10475.00,9501.73,10366.70,7287690240
2018-02-27,10393.90,10878.50,10246.10,10725.60,6966179840
2018-02-28,10687.20,11089.80,10393.10,10397.90,6936189952
2018-03-01,10385.00,11052.30,10352.70,10951.00,7317279744
2018-03-02,10977.40,11189.00,10850.10,11086.40,7620590080
2018-03-03,11101.90,11528.20,11002.40,11489.70,6690570240
2018-03-04,11497.40,11512.60,11136.10,11512.60,6084149760
2018-03-05,11532.40,11704.10,11443.90,11573.30,6468539904
2018-03-06,11500.10,11500.10,10694.30,10779.90,6832169984
2018-03-07,10803.90,10929.50,9692.12,9965.57,8797910016
2018-03-08,9951.44,10147.40,9335.87,9395.01,7186089984
2018-03-09,9414.69,9466.35,8513.03,9337.55,8704190464
2018-03-10,9350.59,9531.32,8828.47,8866.00,5386319872
2018-03-11,8852.78,9711.89,8607.12,9578.63,6296370176
2018-03-12,9602.93,9937.50,8956.43,9205.12,6457399808
2018-03-13,9173.04,9470.38,8958.19,9194.85,5991139840
2018-03-14,9214.65,9355.85,8068.59,8269.81,6438230016
2018-03-15,8290.76,8428.35,7783.05,8300.86,6834429952
2018-03-16,8322.91,8585.15,8005.31,8338.35,5289379840
2018-03-17,8321.91,8346.53,7812.82,7916.88,4426149888
2018-03-18,7890.52,8245.51,7397.99,8223.68,6639190016
2018-03-19,8344.12,8675.87,8182.40,8630.65,6729110016
2018-03-20,8619.67,9051.02,8389.89,8913.47,6361789952
2018-03-21,8937.48,9177.37,8846.33,8929.28,6043129856
2018-03-22,8939.44,9100.71,8564.90,8728.47,5530390016
2018-03-23,8736.25,8879.62,8360.62,8879.62,5954120192
2018-03-24,8901.95,8996.18,8665.70,8668.12,5664600064
2018-03-25,8612.81,8682.01,8449.10,8495.78,4569880064
2018-03-26,8498.47,8530.08,7921.43,8209.40,5921039872
2018-03-27,8200.00,8232.78,7797.28,7833.04,5378250240
2018-03-28,7836.83,8122.89,7809.17,7954.48,4935289856
2018-03-29,7979.07,7994.33,7081.38,7165.70,6361229824
2018-03-30,7171.45,7276.66,6683.93,6890.52,6289509888
2018-03-31,6892.48,7207.85,6863.52,6973.53,4553269760
2018-04-01,7003.06,7060.95,6526.87,6844.23,4532100096
2018-04-02,6844.86,7135.47,6816.58,7083.80,4333440000
2018-04-03,7102.26,7530.94,7072.49,7456.11,5499700224
2018-04-04,7456.41,7469.88,6803.88,6853.84,4936000000
2018-04-05,6848.65,6933.82,6644.80,6811.47,5639320064
2018-04-06,6815.96,6857.49,6575.00,6636.32,3766810112
2018-04-07,6630.51,7050.54,6630.51,6911.09,3976610048
2018-04-08,6919.98,7111.56,6919.98,7023.52,3652499968
2018-04-09,7044.32,7178.11,6661.99,6770.73,4894060032
2018-04-10,6795.44,6872.41,6704.15,6834.76,4272750080
2018-04-11,6843.47,6968.32,6817.59,6968.32,4641889792
2018-04-12,6955.38,7899.23,6806.51,7889.25,8906250240
2018-04-13,7901.09,8183.96,7758.93,7895.96,7764460032
2018-04-14,7874.67,8140.71,7846.00,7986.24,5191430144
2018-04-15,7999.33,8338.42,7999.33,8329.11,5244480000
2018-04-16,8337.57,8371.15,7925.73,8058.67,5631309824
2018-04-17,8071.66,8285.96,7881.72,7902.09,6900879872
2018-04-18,7944.43,8197.80,7886.01,8163.42,6529909760
2018-04-19,8159.27,8298.69,8138.78,8294.31,7063209984
2018-04-20,8286.88,8880.23,8244.54,8845.83,8438110208
2018-04-21,8848.79,8997.57,8652.15,8895.58,7548550144
2018-04-22,8925.06,9001.64,8779.61,8802.46,6629899776
2018-04-23,8794.39,8958.55,8788.81,8930.88,6925190144
2018-04-24,8934.34,9732.61,8927.83,9697.50,10678800384
2018-04-25,9701.03,9745.32,8799.84,8845.74,11083100160
2018-04-26,8867.32,9281.51,8727.09,9281.51,8970559488
2018-04-27,9290.63,9375.47,8987.05,8987.05,7566289920
2018-04-28,8939.27,9412.09,8931.99,9348.48,7805479936
2018-04-29,9346.41,9531.49,9193.71,9419.08,8853000192
2018-04-30,9426.11,9477.14,9166.81,9240.55,8673920000
2018-05-01,9251.47,9255.88,8891.05,9119.01,7713019904
2018-05-02,9104.60,9256.52,9015.14,9235.92,7558159872
2018-05-03,9233.97,9798.33,9188.15,9743.86,10207299584
2018-05-04,9695.50,9779.20,9585.96,9700.76,8217829888
2018-05-05,9700.28,9964.50,9695.12,9858.15,7651939840
2018-05-06,9845.31,9940.14,9465.25,9654.80,7222280192
2018-05-07,9645.67,9665.85,9231.53,9373.01,7394019840
2018-05-08,9380.87,9462.75,9127.77,9234.82,7415869952
2018-05-09,9223.73,9374.76,9031.62,9325.18,7226890240
2018-05-10,9325.96,9396.04,9040.52,9043.94,6906699776
2018-05-11,9052.96,9052.96,8394.46,8441.49,8488520192
2018-05-12,8441.44,8664.86,8223.50,8504.89,6821380096
2018-05-13,8515.49,8773.55,8395.12,8723.94,5866379776
2018-05-14,8713.10,8881.12,8367.97,8716.79,7364149760
2018-05-15,8705.19,8836.19,8456.45,8510.38,6705710080
2018-05-16,8504.41,8508.43,8175.49,8368.83,6760220160
2018-05-17,8370.05,8445.54,8054.12,8094.32,5862530048
2018-05-18,8091.83,8274.12,7974.82,8250.97,5764190208
2018-05-19,8255.73,8372.06,8183.35,8247.18,4712399872
2018-05-20,8246.99,8562.41,8205.24,8513.25,5191059968
2018-05-21,8522.33,8557.52,8365.12,8418.99,5154990080
2018-05-22,8419.87,8423.25,8004.58,8041.78,5137010176
2018-05-23,8037.08,8054.66,7507.88,7557.82,6491120128
2018-05-24,7561.12,7738.60,7331.14,7587.34,6049220096
2018-05-25,7592.30,7659.14,7392.65,7480.14,4867829760
2018-05-26,7486.48,7595.16,7349.12,7355.88,4051539968
2018-05-27,7362.08,7381.74,7270.96,7368.22,4056519936
2018-05-28,7371.31,7419.05,7100.89,7135.99,5040600064
2018-05-29,7129.46,7526.42,7090.68,7472.59,5662660096
2018-05-30,7469.73,7573.77,7313.60,7406.52,4922540032
2018-05-31,7406.15,7608.90,7361.13,7494.17,5127130112
2018-06-01,7500.70,7604.73,7407.34,7541.45,4921460224
2018-06-02,7536.72,7695.83,7497.26,7643.45,4939299840
2018-06-03,7632.09,7754.89,7613.04,7720.25,4851760128
2018-06-04,7722.53,7753.82,7474.04,7514.47,4993169920
2018-06-05,7500.90,7643.23,7397.00,7633.76,4961739776
2018-06-06,7625.97,7680.43,7502.01,7653.98,4692259840
2018-06-07,7650.82,7741.27,7650.82,7678.24,4485799936
2018-06-08,7685.14,7698.19,7558.40,7624.92,4227579904
2018-06-09,7632.52,7683.58,7531.98,7531.98,3845220096
2018-06-10,7499.55,7499.55,6709.07,6786.02,5804839936
2018-06-11,6799.29,6910.18,6706.63,6906.92,4745269760
2018-06-12,6905.82,6907.96,6542.08,6582.36,4654380032
2018-06-13,6596.88,6631.66,6285.63,6349.90,5052349952
2018-06-14,6342.75,6707.14,6334.46,6675.35,5138710016
2018-06-15,6674.08,6681.08,6433.87,6456.58,3955389952
2018-06-16,6455.45,6592.49,6402.29,6550.16,3194170112
2018-06-17,6545.53,6589.11,6499.27,6499.27,3104019968
2018-06-18,6510.07,6781.14,6446.68,6734.82,4039200000
2018-06-19,6742.39,6822.50,6709.92,6769.94,4057029888
2018-06-20,6770.76,6821.56,6611.88,6776.55,3888640000
2018-06-21,6780.09,6810.94,6715.17,6729.74,3529129984
2018-06-22,6737.88,6747.08,6006.60,6083.69,5079810048
2018-06-23,6090.10,6224.82,6071.81,6162.48,3431360000
2018-06-24,6164.28,6223.78,5826.41,6173.23,4566909952
2018-06-25,6171.97,6327.37,6119.68,6249.18,5500810240
2018-06-26,6253.55,6290.16,6093.67,6093.67,3279759872
2018-06-27,6084.40,6180.00,6052.85,6157.13,3296219904
2018-06-28,6153.16,6170.41,5873.05,5903.44,3467800064
2018-06-29,5898.13,6261.66,5835.75,6218.30,3966230016
2018-06-30,6214.22,6465.51,6214.22,6404.00,4543860224
2018-07-01,6411.68,6432.85,6289.29,6385.82,4788259840
2018-07-02,6380.38,6683.86,6305.70,6614.18,4396930048
2018-07-03,6596.66,6671.37,6447.75,6529.59,4672309760
2018-07-04,6550.87,6771.92,6450.46,6597.55,4176689920
2018-07-05,6599.71,6749.54,6546.65,6639.14,4999240192
2018-07-06,6638.69,6700.94,6533.55,6673.50,4313959936
2018-07-07,6668.71,6863.99,6579.24,6856.93,3961080064
2018-07-08,6857.80,6885.91,6747.98,6773.88,3386210048
2018-07-09,6775.08,6838.68,6724.34,6741.75,3718129920
2018-07-10,6739.21,6767.74,6320.72,6329.95,4052430080
2018-07-11,6330.77,6444.96,6330.47,6394.71,3644859904
2018-07-12,6396.78,6397.10,6136.42,6228.81,3770170112
2018-07-13,6235.03,6310.55,6192.24,6238.05,3805400064
2018-07-14,6247.50,6298.19,6212.22,6276.12,2923670016
2018-07-15,6272.70,6403.46,6256.51,6359.64,3285459968
2018-07-16,6357.01,6741.75,6357.01,6741.75,4725799936
2018-07-17,6739.65,7387.24,6684.17,7321.04,5961950208
2018-07-18,7315.32,7534.99,7280.47,7370.78,6103410176
2018-07-19,7378.20,7494.46,7295.46,7466.86,5111629824
2018-07-20,7467.40,7594.67,7323.26,7354.13,4936869888
2018-07-21,7352.72,7437.64,7262.41,7419.29,3726609920
2018-07-22,7417.80,7537.95,7383.82,7418.49,3695460096
2018-07-23,7414.71,7771.50,7409.10,7711.11,5132480000
2018-07-24,7716.51,8424.27,7705.50,8424.27,7277689856
2018-07-25,8379.66,8416.87,8086.36,8181.39,5845400064
2018-07-26,8176.85,8290.33,7878.71,7951.58,4899089920
2018-07-27,7950.40,8262.66,7839.76,8165.01,5195879936
2018-07-28,8169.06,8222.85,8110.77,8192.15,3988750080
2018-07-29,8205.82,8272.26,8141.18,8218.46,4107190016
2018-07-30,8221.58,8235.50,7917.50,8180.48,5551400000
2018-07-31,8181.20,8181.53,7696.93,7780.44,5287530000
2018-08-01,7769.04,7769.04,7504.95,7624.91,4797620000
2018-08-02,7634.19,7712.77,7523.44,7567.15,4214110000
2018-08-03,7562.14,7562.14,7328.65,7434.39,4627150000
2018-08-04,7438.67,7497.49,6984.07,7032.85,4268390000
2018-08-05,7031.08,7102.77,6940.70,7068.48,3679110000
2018-08-06,7062.94,7166.55,6890.54,6951.80,3925900000
2018-08-07,6958.32,7146.56,6748.24,6753.12,4682800000
2018-08-08,6746.85,6746.85,6226.22,6305.80,5064430000
2018-08-09,6305.56,6625.73,6249.07,6568.23,4267040000
2018-08-10,6571.42,6591.26,6124.52,6184.71,4528680000
2018-08-11,6185.79,6455.74,6109.03,6295.73,4047850000
2018-08-12,6283.65,6409.85,6237.50,6322.69,5665250000
2018-08-13,6341.36,6537.05,6225.72,6297.57,4083980000
2018-08-14,6287.66,6287.94,5971.05,6199.71,5301700000
2018-08-15,6221.42,6588.49,6221.42,6308.52,4895450000
2018-08-16,6294.23,6473.50,6276.41,6334.73,4328420000
2018-08-17,6340.91,6582.50,6324.97,6580.63,4992990000
2018-08-18,6583.43,6617.35,6353.73,6423.76,3984520000
2018-08-19,6422.57,6537.98,6361.55,6506.07,3311170000
2018-08-20,6500.51,6536.92,6297.93,6308.53,3665100000
2018-08-21,6301.07,6500.87,6298.24,6488.76,3377180000
2018-08-22,6486.25,6816.79,6310.11,6376.71,4668110000
2018-08-23,6371.34,6546.54,6371.34,6534.88,3426180000
2018-08-24,6551.52,6719.96,6498.64,6719.96,4097820000
2018-08-25,6719.95,6789.63,6700.96,6763.19,3312600000
2018-08-26,6754.64,6774.75,6620.75,6707.26,3295500000
2018-08-27,6710.80,6884.64,6689.71,6884.64,4019000000
2018-08-28,6891.08,7109.56,6882.34,7096.28,4659940000
2018-08-29,7091.71,7113.30,6970.82,7047.16,4145880000
2018-08-30,7043.76,7072.69,6834.69,6978.23,4463250000
2018-08-31,6973.97,7057.17,6920.16,7037.58,4495650000
2018-09-01,7044.81,7242.29,7038.05,7193.25,4116050000
2018-09-02,7189.58,7306.31,7132.16,7272.72,4329540000
2018-09-03,7279.03,7317.94,7208.15,7260.06,4087760000
2018-09-04,7263.00,7388.26,7255.44,7361.66,4273640000
2018-09-05,7361.46,7388.43,6792.83,6792.83,5800460000
2018-09-06,6755.14,6755.14,6404.72,6529.17,5523470000
2018-09-07,6528.92,6555.29,6396.87,6467.07,4264680000
2018-09-08,6460.17,6534.25,6197.52,6225.98,3835060000
2018-09-09,6223.38,6446.26,6201.22,6300.86,3671890000
2018-09-10,6301.57,6374.98,6292.76,6329.70,3714100000
2018-09-11,6331.88,6398.92,6260.21,6321.20,3849910000
2018-09-12,6317.01,6363.87,6265.09,6351.80,4064230000
2018-09-13,6354.24,6535.41,6354.24,6517.31,4210910000
2018-09-14,6515.41,6596.10,6456.17,6512.71,4076220000
2018-09-15,6509.40,6561.72,6493.55,6543.20,3216300000
2018-09-16,6536.68,6544.33,6460.10,6517.18,3273730000
2018-09-17,6514.06,6540.21,6257.52,6281.20,3910780000
2018-09-18,6280.91,6384.18,6265.71,6371.30,4180090000
2018-09-19,6371.85,6448.46,6208.34,6398.54,4431340000
2018-09-20,6398.85,6529.26,6395.95,6519.67,4348110000
2018-09-21,6513.87,6794.33,6496.36,6734.95,6531940000
2018-09-22,6735.05,6814.56,6616.80,6721.98,4509660000
2018-09-23,6715.32,6766.15,6679.42,6710.63,4197500000
2018-09-24,6704.77,6713.56,6580.90,6595.41,4177310000
2018-09-25,6603.64,6603.64,6381.86,6446.47,4726180000
2018-09-26,6452.79,6585.91,6397.89,6495.00,4437300000
2018-09-27,6495.29,6712.10,6464.95,6676.75,4606810000
2018-09-28,6678.75,6785.03,6598.32,6644.13,5014430000
2018-09-29,6643.10,6643.10,6511.65,6601.96,4363690000
2018-09-30,6604.71,6643.78,6566.54,6625.56,4002280000
2018-10-01,6619.85,6653.30,6549.08,6589.62,4000970000
2018-10-02,6593.24,6611.84,6537.90,6556.10,3979260000
2018-10-03,6553.86,6571.46,6454.03,6502.59,3887310000
2018-10-04,6497.91,6603.31,6497.91,6576.69,3838410000
2018-10-05,6574.15,6623.62,6557.41,6622.48,3671500000
2018-10-06,6622.45,6628.54,6577.80,6588.31,3259740000
2018-10-07,6590.68,6641.49,6557.04,6602.95,3306630000
2018-10-08,6600.19,6675.06,6576.04,6652.23,3979460000
2018-10-09,6653.08,6661.41,6606.94,6642.64,3580810000
2018-10-10,6640.29,6640.29,6538.96,6585.53,3787650000
2018-10-11,6586.74,6586.74,6243.74,6256.24,5181640000
2018-10-12,6239.25,6328.50,6236.47,6274.58,3783500000
2018-10-13,6278.08,6308.51,6259.81,6285.99,3064030000
2018-10-14,6288.49,6363.21,6280.15,6290.93,3085320000
2018-10-15,6292.64,6965.06,6258.68,6596.54,7370770000
2018-10-16,6601.41,6673.59,6571.37,6596.11,4074800000
2018-10-17,6590.52,6601.21,6517.45,6544.43,4088420000
2018-10-18,6542.33,6567.54,6450.04,6476.71,3924080000
2018-10-19,6478.07,6493.68,6445.31,6465.41,3578870000
2018-10-20,6460.92,6497.72,6449.00,6489.19,3379130000
2018-10-21,6490.09,6556.38,6476.00,6482.35,3253610000
2018-10-22,6486.05,6543.80,6462.98,6487.16,3672860000
2018-10-23,6472.36,6506.01,6451.27,6475.74,3716150000
2018-10-24,6478.89,6521.99,6468.86,6495.84,3424670000
2018-10-25,6484.65,6504.65,6447.03,6476.29,3230550000
2018-10-26,6468.44,6498.29,6449.61,6474.75,3306050000
2018-10-27,6480.84,6507.41,6453.53,6480.38,3393250000
2018-10-28,6482.66,6502.28,6447.91,6486.39,3445190000
2018-10-29,6492.35,6503.60,6306.99,6332.63,4199910000
2018-10-30,6337.04,6364.99,6310.14,6334.27,3781100000
2018-10-31,6336.99,6349.16,6316.88,6317.61,4191240000
2018-11-01,6318.14,6547.14,6311.83,6377.78,3789400000
2018-11-02,6378.92,6396.86,6327.38,6388.44,4234870000
2018-11-03,6387.24,6400.07,6342.37,6361.26,3658640000
2018-11-04,6365.47,6388.63,6294.57,6376.13,4390020000
2018-11-05,6363.62,6480.59,6363.62,6419.66,4174800000
2018-11-06,6433.38,6463.55,6408.16,6461.01,4700040000
2018-11-07,6468.50,6552.16,6468.31,6530.14,4941260000
2018-11-08,6522.27,6536.92,6438.53,6453.72,4665260000
2018-11-09,6442.60,6456.46,6373.37,6385.62,4346820000
2018-11-10,6386.13,6437.28,6385.31,6409.22,3705320000
2018-11-11,6413.63,6423.25,6350.17,6411.27,3939060000
2018-11-12,6411.76,6434.21,6360.47,6371.27,4295770000
2018-11-13,6373.19,6395.27,6342.67,6359.49,4503800000
2018-11-14,6351.24,6371.55,5544.09,5738.35,7398940000
2018-11-15,5736.15,5774.82,5358.38,5648.03,7032140000
2018-11-16,5645.32,5657.02,5498.94,5575.55,5279320000
2018-11-17,5578.58,5578.58,5519.56,5554.33,4303150000
2018-11-18,5559.74,5653.61,5559.74,5623.54,4159680000
2018-11-19,5620.78,5620.78,4842.91,4871.49,7039560000
2018-11-20,4863.93,4951.61,4272.11,4451.87,8428290000
2018-11-21,4465.54,4675.73,4343.98,4602.17,6120120000
2018-11-22,4611.57,4629.64,4365.64,4365.94,4569370000
2018-11-23,4360.70,4396.42,4195.68,4347.11,4871490000
2018-11-24,4347.69,4413.09,3795.16,3880.76,4679500000
2018-11-25,3880.78,4120.87,3585.06,4009.97,6825640000
2018-11-26,4015.07,4107.14,3643.92,3779.13,6476900000
2018-11-27,3765.95,3862.96,3661.01,3820.72,5998720000
2018-11-28,3822.47,4385.90,3822.47,4257.42,7280280000
2018-11-29,4269.00,4413.02,4145.77,4278.85,6503347767
2018-11-30,4289.09,4322.98,3942.82,4017.27,6048016716
2018-12-01,4024.46,4309.38,3969.71,4214.67,5375314093
2018-12-02,4200.73,4301.52,4110.98,4139.88,5262697895
2018-12-03,4147.32,4155.98,3840.45,3894.13,5089570993
2018-12-04,3886.29,4075.63,3832.75,3956.89,5028069239
2018-12-05,3958.89,3969.54,3753.99,3753.99,5302481573
2018-12-06,3754.07,3874.97,3521.10,3521.10,5878333109
2018-12-07,3512.59,3512.59,3280.23,3419.94,6835615448
2018-12-08,3421.91,3506.04,3350.65,3476.11,5305024497
2018-12-09,3473.23,3685.31,3469.09,3614.23,4947372847
2018-12-10,3612.05,3647.33,3470.14,3502.66,5020968740
2018-12-11,3497.55,3513.19,3392.25,3424.59,4696765187
2018-12-12,3421.46,3534.23,3413.48,3486.95,4139364828
2018-12-13,3487.88,3489.74,3298.13,3313.68,4343372456
2018-12-14,3311.75,3329.56,3206.54,3242.48,4372763663
2018-12-15,3244.00,3275.38,3191.30,3236.76,3551763561
2018-12-16,3236.27,3305.75,3233.82,3252.84,3744248994
2018-12-17,3253.12,3597.92,3253.12,3545.86,5409247918
2018-12-18,3544.76,3701.35,3487.17,3696.06,5911325472
2018-12-19,3706.82,3949.32,3687.23,3745.95,6810689118
2018-12-20,3742.20,4191.23,3728.97,4134.44,8927129279
2018-12-21,4133.70,4198.43,3850.95,3896.54,7206015706
2018-12-22,3898.08,4014.18,3855.74,4014.18,5605823232
2018-12-23,4020.99,4085.72,3976.41,3998.98,6151275489
2018-12-24,4000.33,4271.79,4000.33,4078.60,7240968501
2018-12-25,4081.03,4089.56,3760.02,3815.49,6158207293
2018-12-26,3819.67,3893.36,3769.86,3857.30,5326547918
2018-12-27,3854.69,3874.42,3645.45,3654.83,5130222366
2018-12-28,3653.13,3956.14,3642.63,3923.92,5631554348
2018-12-29,3932.49,3963.76,3820.41,3820.41,4991655917
2018-12-30,3822.38,3901.91,3797.22,3865.95,4770578574
2018-12-31,3866.84,3868.74,3725.87,3742.70,4661840806
2019-01-01,3746.71,3850.91,3707.23,3843.52,4324200990
2019-01-02,3849.22,3947.98,3817.41,3943.41,5244856835
2019-01-03,3931.05,3935.69,3826.22,3836.74,4530215218
2019-01-04,3832.04,3865.93,3783.85,3857.72,4847965467
2019-01-05,3851.97,3904.90,3836.90,3845.19,5137609823
2019-01-06,3836.52,4093.30,3826.51,4076.63,5597027439
2019-01-07,4078.58,4092.61,4020.89,4025.25,5228625637
2019-01-08,4028.47,4109.02,3996.96,4030.85,5306593305
2019-01-09,4031.55,4068.40,4022.66,4035.30,5115905224
2019-01-10,4034.41,4064.07,3659.17,3678.92,6874143795
2019-01-11,3674.02,3713.88,3653.07,3687.37,5538712864
2019-01-12,3686.97,3698.98,3653.81,3661.30,4778170882
2019-01-13,3658.87,3674.76,3544.93,3552.95,4681302465
2019-01-14,3557.31,3727.84,3552.29,3706.05,5651384489
2019-01-15,3704.22,3720.15,3619.95,3630.68,5537192301
2019-01-16,3631.51,3685.78,3624.67,3655.01,5394457144
2019-01-17,3651.87,3680.14,3621.96,3678.56,5464420383
2019-01-18,3677.99,3682.52,3637.08,3657.84,5002961726
2019-01-19,3652.38,3758.53,3652.38,3728.57,5955691379
2019-01-20,3725.45,3743.39,3583.02,3601.01,5582489559
2019-01-21,3600.37,3608.84,3558.54,3576.03,5004347059
2019-01-22,3575.08,3620.75,3539.72,3604.58,5313623556
2019-01-23,3605.56,3623.07,3565.31,3585.12,5433755648
2019-01-24,3584.50,3616.09,3569.09,3600.87,5262869046
2019-01-25,3607.39,3612.93,3575.60,3599.77,5265847538
2019-01-26,3599.72,3654.93,3593.35,3602.46,5098183234
2019-01-27,3604.69,3612.67,3567.25,3583.97,5570752966
2019-01-28,3584.28,3586.75,3439.23,3470.45,6908930483
2019-01-29,3468.87,3476.07,3400.82,3448.12,5897159492
2019-01-30,3443.90,3495.17,3429.39,3486.18,5955112626
2019-01-31,3485.41,3504.80,3447.92,3457.79,5831198270
2019-02-01,3460.55,3501.95,3431.59,3487.95,5422926707
2019-02-02,3484.63,3523.29,3467.57,3521.06,5071623600
2019-02-03,3516.14,3521.39,3447.92,3464.01,5043937583
2019-02-04,3467.21,3476.22,3442.59,3459.15,5332718886
2019-02-05,3454.95,3478.15,3451.94,3466.36,5227549544
2019-02-06,3469.09,3469.09,3398.57,3413.77,5482196037
2019-02-07,3414.93,3427.95,3394.22,3399.47,5004962682
2019-02-08,3401.38,3695.61,3391.02,3666.78,7735623101
2019-02-09,3671.59,3679.94,3646.56,3671.20,6158833644
2019-02-10,3673.20,3695.04,3640.98,3690.19,6282256902
2019-02-11,3695.61,3695.61,3642.29,3648.43,6277056433
2019-02-12,3642.75,3668.59,3618.56,3653.53,6480384531
2019-02-13,3653.60,3669.75,3617.25,3632.07,6438903822
2019-02-14,3631.17,3646.26,3607.70,3616.88,6271044417
2019-02-15,3617.37,3647.80,3608.21,3620.81,6091952230
2019-02-16,3615.27,3652.84,3615.27,3629.79,5934744051
2019-02-17,3633.36,3680.54,3619.18,3673.84,7039512502
2019-02-18,3671.37,3936.67,3669.98,3915.71,9908216640
2019-02-19,3911.66,4010.88,3908.15,3947.09,9933626654
2019-02-20,3946.69,4000.49,3926.25,3999.82,8693373948
2019-02-21,4000.26,4010.01,3940.11,3954.12,7775128102
2019-02-22,3952.41,4006.54,3950.82,4005.53,7826525254
2019-02-23,3998.92,4166.29,3968.73,4142.53,8922258315
2019-02-24,4145.46,4210.64,3793.71,3810.43,10794227451
2019-02-25,3807.00,3913.71,3807.00,3882.70,9318796066
2019-02-26,3878.70,3891.58,3837.99,3854.36,7931218996
2019-02-27,3857.48,3888.80,3787.06,3851.05,8301309684
2019-02-28,3848.26,3906.06,3845.82,3854.79,8399767798
2019-03-01,3853.76,3907.80,3851.69,3859.58,7661247975
2019-03-02,3855.32,3874.61,3832.13,3864.42,7578786075
2019-03-03,3862.27,3875.48,3836.91,3847.18,7253558152
2019-03-04,3845.09,3867.38,3733.75,3761.56,9029175787
2019-03-05,3759.83,3903.92,3745.18,3896.38,10174126414
2019-03-06,3897.08,3919.51,3871.46,3903.94,9175291528
2019-03-07,3903.38,3939.37,3894.11,3911.48,9584165518
2019-03-08,3913.23,3950.43,3875.23,3901.13,10638638944
2019-03-09,3894.55,3987.24,3892.39,3963.31,10796103518
2019-03-10,3966.17,3966.17,3924.38,3951.60,9713267606
2019-03-11,3953.74,3966.38,3889.24,3905.23,10125901902
2019-03-12,3903.76,3926.89,3863.56,3909.16,9809887079
2019-03-13,3913.05,3926.60,3891.90,3906.72,9469184841
2019-03-14,3905.58,3946.50,3901.30,3924.37,10480789569
2019-03-15,3926.66,3968.54,3914.02,3960.91,9394210604
2019-03-16,3963.90,4077.04,3961.66,4048.73,9856166973
2019-03-17,4047.72,4054.12,4006.41,4025.23,8221625399
2019-03-18,4029.97,4071.56,4009.12,4032.51,9646954186
2019-03-19,4032.69,4082.22,4023.81,4071.19,9344919956
2019-03-20,4070.79,4089.46,4031.11,4087.48,10175916388
2019-03-21,4083.95,4097.36,4005.15,4029.33,10831212661
2019-03-22,4028.51,4053.91,4021.54,4023.97,9252935969
2019-03-23,4022.71,4049.88,4015.96,4035.83,9578850549
2019-03-24,4035.16,4040.70,4006.19,4022.17,9144851064
2019-03-25,4024.11,4038.84,3934.03,3963.07,10359818882
2019-03-26,3969.23,3985.08,3944.75,3985.08,10707678814
2019-03-27,3984.24,4087.07,3977.81,4087.07,10897131934
2019-03-28,4087.58,4094.90,4040.27,4069.11,9353915899
2019-03-29,4068.30,4113.50,4034.10,4098.37,10918665556
2019-03-30,4092.14,4296.81,4053.91,4106.66,9732688060
2019-03-31,4105.46,4113.02,4094.10,4105.40,9045122442
2019-04-01,4105.36,4164.95,4096.90,4158.18,10157794170
2019-04-02,4156.92,4905.95,4155.32,4879.88,21315047816
2019-04-03,4879.96,5307.00,4876.62,4973.02,22899891582
2019-04-04,4971.31,5063.16,4836.79,4922.80,18251810239
2019-04-05,4922.81,5053.51,4919.49,5036.68,16837325387
2019-04-06,5036.79,5205.82,4992.22,5059.82,16929795193
2019-04-07,5062.79,5235.19,5050.41,5198.90,16655416140
2019-04-08,5199.84,5318.84,5148.21,5289.77,17154113634
2019-04-09,5289.92,5289.92,5167.42,5204.96,14722104361
2019-04-10,5204.11,5421.65,5193.38,5324.55,15504590933
2019-04-11,5325.08,5354.23,5017.30,5064.49,16555616019
2019-04-12,5061.20,5103.27,4955.85,5089.54,13675206312
2019-04-13,5088.85,5127.12,5061.59,5096.59,10823289598
2019-04-14,5095.76,5184.02,5053.57,5167.72,10391952498
2019-04-15,5167.32,5196.61,5024.07,5067.11,12290155060
2019-04-16,5066.58,5238.95,5055.19,5235.56,11618660197
2019-04-17,5236.14,5274.28,5219.21,5251.94,12438480676
2019-04-18,5251.48,5319.99,5250.51,5298.39,13256489918
2019-04-19,5298.15,5336.68,5233.34,5303.81,13780238655
2019-04-20,5304.16,5358.49,5295.88,5337.89,13169647522
2019-04-21,5335.88,5359.92,5257.34,5314.53,13731844222
2019-04-22,5312.49,5422.69,5280.28,5399.37,14601631647
2019-04-23,5399.37,5633.80,5389.41,5572.36,15867308107
2019-04-24,5571.51,5642.04,5418.26,5464.87,17048033399
2019-04-25,5466.52,5542.24,5181.34,5210.52,15330283408
2019-04-26,5210.30,5383.63,5177.37,5279.35,16812108039
2019-04-27,5279.47,5310.75,5233.64,5268.29,13111274675
2019-04-28,5271.75,5326.23,5255.68,5285.14,12819992055
2019-04-29,5284.86,5311.27,5216.49,5247.35,13735490672
2019-04-30,5247.73,5363.26,5224.19,5350.73,13878964573
2019-05-01,5350.91,5418.00,5347.65,5402.70,13679528236
2019-05-02,5402.42,5522.26,5394.22,5505.28,14644460907
2019-05-03,5505.55,5865.88,5490.20,5768.29,18720780005
2019-05-04,5769.20,5886.89,5645.47,5831.17,17567780765
2019-05-05,5831.07,5833.86,5708.04,5795.71,14808830722
2019-05-06,5791.69,5802.96,5653.69,5746.81,15737171804
2019-05-07,5745.60,5988.18,5741.40,5829.50,18026409032
2019-05-08,5849.48,5989.98,5794.72,5982.46,15320605299
2019-05-09,5982.32,6183.04,5982.32,6174.53,16784645410
2019-05-10,6175.82,6434.62,6161.52,6378.85,19419875367
2019-05-11,6379.67,7333.00,6375.70,7204.77,28867562329
2019-05-12,7203.51,7503.87,6815.77,6972.37,27773333679
2019-05-13,6971.18,8047.41,6898.28,7814.92,28677672181
2019-05-14,7807.88,8268.71,7696.39,7994.42,32031452226
2019-05-15,7989.37,8216.42,7899.11,8205.17,28344112919
2019-05-16,8194.50,8320.82,7729.61,7884.91,33167197581
2019-05-17,7886.93,7929.15,7038.12,7343.90,30066644905
2019-05-18,7341.66,7447.27,7251.50,7271.21,21354286561
2019-05-19,7267.96,8261.94,7267.96,8197.69,25902422039
2019-05-20,8196.92,8200.97,7678.78,7978.31,23843404339
2019-05-21,7977.97,8062.17,7843.34,7963.33,25127245056
2019-05-22,7956.29,7997.61,7615.99,7680.07,24719473174
2019-05-23,7677.27,7943.79,7533.20,7881.85,24457107820
2019-05-24,7881.70,8140.72,7824.45,7987.37,25919126990
2019-05-25,7991.89,8117.93,7965.98,8052.54,22256813106
2019-05-26,8055.21,8687.52,7924.67,8673.22,26677970091
2019-05-27,8674.07,8907.17,8668.71,8805.78,27949839563
2019-05-28,8802.76,8807.02,8634.72,8719.96,24226919266
2019-05-29,8718.59,8755.85,8482.73,8659.49,23473479966
2019-05-30,8661.76,9008.31,8221.27,8319.47,29246528551
2019-05-31,8320.29,8586.66,8172.55,8574.50,25365190957
2019-06-01,8573.84,8625.60,8481.58,8564.02,22488303543
2019-06-02,8565.47,8809.30,8561.24,8742.96,20266216022
2019-06-03,8741.75,8743.50,8204.19,8209.00,22004511436
2019-06-04,8210.99,8210.99,7564.49,7707.77,24609731548
2019-06-05,7704.34,7901.85,7668.67,7824.23,21760923463
2019-06-06,7819.63,7937.34,7571.47,7822.02,19474611077
2019-06-07,7826.90,8126.15,7788.37,8043.95,19141423230
2019-06-08,8036.77,8076.89,7837.61,7954.13,16522722809
2019-06-09,7949.67,7975.97,7583.22,7688.08,16610726547
2019-06-10,7692.28,8031.91,7586.73,8000.33,18689275117
2019-06-11,8004.24,8026.39,7772.80,7927.71,17107279931
2019-06-12,7925.43,8196.65,7862.36,8145.86,19034432883
2019-06-13,8145.55,8311.57,8087.06,8230.92,18669407147
2019-06-14,8230.90,8710.64,8183.39,8693.83,19831162905
2019-06-15,8689.75,8859.13,8618.40,8838.38,18371033226
2019-06-16,8841.44,9335.87,8814.56,8994.49,23348550310
2019-06-17,8988.92,9416.41,8988.92,9320.35,15562951918
2019-06-18,9335.47,9348.37,9004.90,9081.76,15848210535
2019-06-19,9078.73,9299.62,9070.40,9273.52,15546809946
2019-06-20,9273.06,9594.42,9232.48,9527.16,17846823783
2019-06-21,9525.07,10144.56,9525.07,10144.56,20624008643
2019-06-22,10175.92,11157.35,10107.04,10701.69,29995204860
2019-06-23,10696.69,11246.14,10556.10,10855.37,20998326501
2019-06-24,10853.74,11065.90,10610.43,11011.10,19271652364
2019-06-25,11007.20,11790.92,11007.20,11790.92,24879684533
2019-06-26,11778.58,13796.49,11755.60,13016.23,45105733173
2019-06-27,13017.13,13311.14,10491.85,11182.81,39977475222
2019-06-28,11162.17,12445.17,10914.50,12407.33,35087757765
2019-06-29,12400.76,12400.91,11508.38,11959.37,29923961127
2019-06-30,11931.99,12178.38,10799.01,10817.16,27256473494
2019-07-01,10796.93,11206.44,10089.31,10583.13,29378589324
2019-07-02,10588.68,10912.19,9737.88,10801.68,31015895222
2019-07-03,10818.16,11968.08,10818.16,11961.27,30796494293
2019-07-04,11972.72,12006.08,11166.57,11215.44,25920294033
2019-07-05,11203.10,11395.66,10874.96,10978.46,23838480210
2019-07-06,10982.54,11620.96,10982.54,11208.55,21092024306
2019-07-07,11217.62,11541.62,11148.80,11450.85,19369044276
2019-07-08,11446.60,12345.83,11393.37,12285.96,23482551458
2019-07-09,12284.33,12779.13,12233.26,12573.81,28167921522
2019-07-10,12571.54,13129.53,11710.98,12156.51,33627574244
2019-07-11,12139.71,12144.62,11158.92,11358.66,28595327690
2019-07-12,11354.30,11905.49,11179.14,11815.99,23534692796
2019-07-13,11813.13,11841.96,10908.48,11392.38,21042616383
2019-07-14,11381.02,11451.20,10234.58,10256.06,22486000001
2019-07-15,10257.84,11052.77,9992.01,10895.09,25384047206
2019-07-16,10896.65,10996.63,9448.11,9477.64,24151199069
2019-07-17,9471.21,9963.13,9163.13,9693.80,24569921548
2019-07-18,9698.50,10736.84,9376.80,10666.48,25187024648
2019-07-19,10653.96,10716.98,10229.63,10530.73,20727426309
2019-07-20,10525.82,11048.66,10451.28,10767.14,20206615154
2019-07-21,10777.53,10841.89,10389.60,10599.11,17130580467
2019-07-22,10596.95,10651.79,10154.92,10343.11,16334414913
2019-07-23,10346.75,10346.75,9883.59,9900.77,17851916994
2019-07-24,9887.73,9908.80,9614.31,9811.93,17398734321
2019-07-25,9809.10,10154.25,9773.96,9911.84,15821952090
2019-07-26,9913.13,9916.52,9717.98,9870.30,14495714483
2019-07-27,9871.17,10167.32,9411.52,9477.68,16817809536
2019-07-28,9491.63,9575.54,9252.30,9552.86,13738687092
2019-07-29,9548.18,9681.65,9472.95,9519.15,13791445323
2019-07-30,9522.33,9701.76,9437.34,9607.42,13829811132
2019-07-31,9604.05,10085.63,9598.10,10085.63,16631520647
2019-08-01,10077.44,10446.92,9922.02,10399.67,17165337857
2019-08-02,10402.04,10657.95,10371.01,10518.17,17489094081
2019-08-03,10519.28,10946.78,10503.50,10821.73,15352685060
2019-08-04,10821.63,11009.21,10620.28,10970.18,16530894786
2019-08-05,10960.74,11895.09,10960.74,11805.65,23875988832
2019-08-06,11811.54,12273.82,11290.73,11478.17,23635107659
2019-08-07,11476.19,12036.99,11433.70,11941.97,22194988641
2019-08-08,11954.04,11979.42,11556.17,11966.41,19481591729
2019-08-09,11953.47,11970.46,11709.75,11862.94,18339989959
2019-08-10,11861.56,11915.66,11323.90,11354.02,18125355447
2019-08-11,11349.74,11523.58,11248.29,11523.58,15774371517
2019-08-12,11528.19,11528.19,11320.95,11382.62,13647198229
2019-08-13,11385.05,11420.05,10830.33,10895.83,16681503536
2019-08-14,10889.49,10889.56,10028.14,10051.70,19990838299
2019-08-15,10038.42,10437.41,9675.32,10311.55,22899115082
2019-08-16,10319.42,10524.35,9855.48,10374.34,20228207096
2019-08-17,10358.72,10452.63,10086.70,10231.74,13778035685
2019-08-18,10233.01,10487.07,10119.09,10345.81,12999813869
2019-08-19,10350.28,10916.05,10313.20,10916.05,16038264603
2019-08-20,10916.35,10947.04,10618.96,10763.23,15053082175
2019-08-21,10764.57,10798.73,9962.72,10138.05,19473084767
2019-08-22,10142.52,10233.00,9831.46,10131.06,17097508856
2019-08-23,10136.31,10442.44,10078.19,10407.96,15627023886
2019-08-24,10407.64,10418.02,9982.30,10159.96,15451030650
2019-08-25,10160.74,10304.62,10008.79,10138.52,14153856609
2019-08-26,10126.30,10512.33,10126.30,10370.82,18438654079
2019-08-27,10372.83,10381.33,10087.30,10185.50,14762609502
2019-08-28,10203.43,10279.37,9716.66,9754.42,17603790323
2019-08-29,9756.79,9756.79,9421.63,9510.20,17045878500
2019-08-30,9514.84,9656.12,9428.30,9598.17,13595263986
2019-08-31,9597.54,9673.22,9531.80,9630.66,11454806419
2019-09-01,9630.59,9796.76,9582.94,9757.97,11445355859
2019-09-02,9757.47,10396.59,9730.65,10346.76,17248102293
2019-09-03,10345.73,10736.10,10308.55,10623.54,19384917988
2019-09-04,10621.18,10762.64,10434.71,10594.49,16742664768
2019-09-05,10588.18,10627.27,10516.42,10575.53,14551239507
2019-09-06,10578.20,10898.76,10292.30,10353.30,19536574782
2019-09-07,10353.93,10558.67,10348.92,10517.25,15307366476
2019-09-08,10518.11,10595.64,10409.09,10441.28,13670567492
2019-09-09,10443.23,10450.31,10144.93,10334.97,17595943367
2019-09-10,10336.41,10394.35,10020.57,10115.98,14906809639
2019-09-11,10123.04,10215.95,9980.78,10178.37,15428063426
2019-09-12,10176.82,10442.25,10099.24,10410.13,15323563925
2019-09-13,10415.36,10441.49,10226.60,10360.55,14109864674
2019-09-14,10345.40,10422.13,10291.69,10358.05,13468713124
2019-09-15,10356.47,10387.04,10313.09,10347.71,12043433567
2019-09-16,10347.22,10386.87,10189.74,10276.79,15160167778
2019-09-17,10281.51,10296.77,10199.74,10241.27,15304603363
2019-09-18,10247.80,10275.93,10191.47,10198.25,16169268880
2019-09-19,10200.50,10295.67,9851.69,10266.42,19937691247
2019-09-20,10266.32,10285.87,10132.19,10181.64,14734189639
2019-09-21,10183.65,10188.10,10000.71,10019.72,13425266806
2019-09-22,10024.12,10074.44,9922.53,10070.39,13199651698
2019-09-23,10067.96,10074.24,9727.14,9729.32,15144925408
2019-09-24,9729.32,9804.32,8370.80,8620.57,25002886688
2019-09-25,8603.43,8744.83,8325.40,8486.99,21744728352
2019-09-26,8487.67,8515.69,7895.63,8118.97,19258205289
2019-09-27,8113.10,8271.52,7965.92,8251.85,16408941155
2019-09-28,8251.27,8285.62,8125.43,8245.92,14141152736
2019-09-29,8246.04,8261.71,7990.50,8104.19,13034629108
2019-09-30,8104.23,8314.23,7830.76,8293.87,17115474183
2019-10-01,8299.72,8497.69,8232.68,8343.28,15305343412
2019-10-02,8344.21,8393.04,8227.70,8393.04,13125712442
2019-10-03,8390.77,8414.23,8146.44,8259.99,13668823409
2019-10-04,8259.49,8260.06,8151.24,8205.94,13139456229
2019-10-05,8210.15,8215.53,8071.12,8151.50,12200497197
2019-10-06,8149.88,8161.41,7958.85,7988.16,13160830305
2019-10-07,7989.12,8308.45,7905.77,8245.62,18009742607
2019-10-08,8246.85,8332.71,8185.76,8228.78,15592264032
2019-10-09,8229.84,8627.71,8169.30,8595.74,19384942333
2019-10-10,8585.28,8625.27,8471.93,8586.47,17618660671
2019-10-11,8585.26,8721.78,8316.18,8321.76,19604381101
2019-10-12,8315.67,8415.24,8313.34,8336.56,14532641604
2019-10-13,8336.90,8470.99,8276.61,8321.01,13808286058
2019-10-14,8320.83,8390.21,8284.13,8374.69,15151387859
2019-10-15,8373.46,8410.71,8182.71,8205.37,15220412631
2019-10-16,8204.67,8216.81,7985.09,8047.53,16071646995
2019-10-17,8047.81,8134.83,8000.94,8103.91,14313052244
2019-10-18,8100.93,8138.41,7902.16,7973.21,15651592610
2019-10-19,7973.80,8082.63,7944.78,7988.56,13797825640
2019-10-20,7997.81,8281.82,7949.44,8222.08,15504249442
2019-10-21,8225.12,8296.69,8196.42,8243.72,15868748865
2019-10-22,8243.40,8296.65,8074.46,8078.20,16803377856
2019-10-23,8076.23,8093.00,7469.32,7514.67,21942878957
2019-10-24,7509.73,7532.87,7446.99,7493.49,16268708848
2019-10-25,7490.70,8691.54,7479.98,8660.70,28705065488
2019-10-26,8667.58,10021.74,8662.62,9244.97,44496255608
2019-10-27,9241.71,9749.53,9112.54,9551.71,32593129500
2019-10-28,9565.10,9805.12,9256.15,9256.15,30948255331
2019-10-29,9248.44,9516.18,9232.65,9427.69,28426779937
2019-10-30,9422.46,9426.87,9085.37,9205.73,27706531577
2019-10-31,9202.46,9383.16,9028.72,9199.58,26583653946
2019-11-01,9193.99,9275.66,9132.05,9261.10,24324691031
2019-11-02,9259.78,9377.49,9249.59,9324.72,21242676385
2019-11-03,9324.79,9379.81,9141.25,9235.35,21132220847
2019-11-04,9235.61,9505.05,9191.49,9412.61,26170255634
2019-11-05,9413.00,9457.42,9256.93,9342.53,26198609047
2019-11-06,9340.86,9423.24,9305.91,9360.88,23133895764
2019-11-07,9352.39,9368.48,9202.35,9267.56,22700383838
2019-11-08,9265.37,9272.76,8775.53,8804.88,24333037836
2019-11-09,8809.47,8891.82,8793.16,8813.58,17578630605
2019-11-10,8812.49,9103.83,8806.16,9055.53,20587919881
2019-11-11,9056.92,9081.28,8700.61,8757.79,20265510765
2019-11-12,8759.75,8853.77,8685.43,8815.66,20309769107
2019-11-13,8812.03,8836.84,8761.65,8808.26,17545755404
2019-11-14,8811.94,8826.94,8692.55,8708.09,19084739974
2019-11-15,8705.71,8730.87,8484.84,8491.99,21796856471
2019-11-16,8491.17,8592.00,8473.97,8550.76,16495389808
2019-11-17,8549.47,8727.79,8500.97,8577.98,18668638896
2019-11-18,8573.98,8653.28,8273.57,8309.29,21579470673
2019-11-19,8305.13,8408.52,8099.96,8206.15,21083613815
2019-11-20,8203.61,8237.24,8010.51,8027.27,20764300436
2019-11-21,8023.64,8110.10,7597.38,7642.75,22514243371
2019-11-22,7643.57,7697.38,6936.71,7296.58,34242315784
2019-11-23,7296.16,7442.26,7151.42,7397.80,21008924417
2019-11-24,7398.63,7408.58,7029.29,7047.92,30433517289
2019-11-25,7039.98,7319.86,6617.17,7146.13,42685231261
2019-11-26,7145.16,7320.23,7098.57,7218.37,21129505542
2019-11-27,7220.88,7619.69,6974.17,7531.66,23991412764
2019-11-28,7536.82,7730.07,7454.12,7463.11,19050116751
2019-11-29,7466.73,7781.18,7460.76,7761.24,19709695455
2019-11-30,7764.06,7836.10,7515.85,7569.63,17158194786
2019-12-01,7571.62,7571.62,7291.34,7424.29,18720708479
2019-12-02,7424.04,7474.82,7233.40,7321.99,17082040705
2019-12-03,7323.98,7418.86,7229.36,7320.15,14797485769
2019-12-04,7320.13,7539.78,7170.92,7252.03,21664240918
2019-12-05,7253.24,7743.43,7232.68,7448.31,18816085231
2019-12-06,7450.56,7547.00,7392.18,7547.00,18104466306
2019-12-07,7547.27,7589.95,7525.71,7556.24,15453520564
2019-12-08,7551.34,7634.61,7476.09,7564.35,15409908086
2019-12-09,7561.80,7618.09,7365.99,7400.90,17872021272
2019-12-10,7397.13,7424.02,7246.04,7278.12,18249031194
2019-12-11,7277.20,7324.16,7195.53,7217.43,16350490689
2019-12-12,7216.74,7266.64,7164.74,7243.13,18927080224
2019-12-13,7244.66,7293.56,7227.12,7269.68,17125736940
2019-12-14,7268.90,7308.84,7097.21,7124.67,17137029729
2019-12-15,7124.24,7181.08,6924.38,7152.30,16881129804
2019-12-16,7153.66,7171.17,6903.68,6932.48,20213265949
2019-12-17,6931.32,6964.08,6587.97,6640.52,22363804217
2019-12-18,6647.70,7324.98,6540.05,7276.80,31836522778
2019-12-19,7277.59,7346.60,7041.38,7202.84,25904604415
2019-12-20,7208.64,7257.92,7086.12,7218.82,22633815180
2019-12-21,7220.59,7223.23,7112.74,7191.16,19312552168
2019-12-22,7191.19,7518.03,7167.18,7511.59,23134537956
2019-12-23,7508.90,7656.18,7326.19,7355.63,27831788041
2019-12-24,7354.39,7535.72,7269.53,7322.53,22991622105
2019-12-25,7325.76,7357.02,7220.99,7275.16,21559505148
2019-12-26,7274.80,7388.30,7200.39,7238.97,22787010034
2019-12-27,7238.14,7363.53,7189.93,7290.09,22777360995
2019-12-28,7289.03,7399.04,7286.91,7317.99,21365673026
2019-12-29,7317.65,7513.95,7279.87,7422.65,22445257701
2019-12-30,7420.27,7454.82,7276.31,7293.00,22874131671
2019-12-31,7294.44,7335.29,7169.78,7193.60,21167946112
2020-01-01,7194.89,7254.33,7174.94,7200.17,18565664996
2020-01-02,7202.55,7212.16,6935.27,6985.47,20802083465
2020-01-03,6984.43,7413.72,6915.00,7344.88,28111481031
2020-01-04,7345.38,7427.39,7309.51,7410.66,18444271274
2020-01-05,7410.45,7544.50,7400.54,7411.32,19725074094
2020-01-06,7410.45,7781.87,7409.29,7769.22,23276261598
2020-01-07,7768.68,8178.22,7768.23,8163.69,28767291326
2020-01-08,8161.94,8396.74,7956.77,8079.86,31672559264
2020-01-09,8082.30,8082.30,7842.40,7879.07,24045990465
2020-01-10,7878.31,8166.55,7726.77,8166.55,28714583843
2020-01-11,8162.19,8218.36,8029.64,8037.54,25521165085
2020-01-12,8033.26,8200.06,8009.06,8192.49,22903438381
2020-01-13,8189.77,8197.79,8079.70,8144.19,22482910687
2020-01-14,8140.93,8879.51,8140.93,8827.76,44841784107
2020-01-15,8825.34,8890.12,8657.19,8807.01,40102834649
2020-01-16,8812.48,8846.46,8612.10,8723.79,31313981930
2020-01-17,8725.21,8958.12,8677.32,8929.04,36372139320
2020-01-18,8927.21,9012.20,8827.33,8942.81,32337772626
2020-01-19,8941.45,9164.36,8620.08,8706.25,34217320471
2020-01-20,8704.63,8745.59,8560.47,8657.64,26422375678
2020-01-21,8658.99,8755.71,8544.52,8745.89,24097418512
2020-01-22,8744.21,8792.99,8636.75,8680.88,22600204050
2020-01-23,8680.65,8687.75,8333.64,8406.52,25770680778
2020-01-24,8405.57,8514.67,8266.84,8445.43,24397913025
2020-01-25,8440.12,8458.45,8296.22,8367.85,19647331548
2020-01-26,8364.41,8602.40,8325.50,8596.83,22177678795
2020-01-27,8597.31,8977.73,8597.31,8909.82,28647338393
2020-01-28,8912.52,9358.59,8908.45,9358.59,34398744402
2020-01-29,9357.47,9406.43,9269.47,9316.63,30682598115
2020-01-30,9316.02,9553.13,9230.90,9508.99,32378792850
2020-01-31,9508.31,9521.71,9230.78,9350.53,29432489719
2020-02-01,9346.36,9439.32,9313.24,9392.88,25922656496
2020-02-02,9389.82,9468.80,9217.82,9344.37,30835736946
2020-02-03,9344.68,9540.37,9248.63,9293.52,30934096508
2020-02-04,9292.84,9331.27,9112.81,9180.96,29893183716
2020-02-05,9183.42,9701.30,9163.70,9613.42,35222060874
2020-02-06,9617.82,9824.62,9539.82,9729.80,37628823715
2020-02-07,9726.00,9834.72,9726.00,9795.94,34522718159
2020-02-08,9793.07,9876.75,9678.91,9865.12,35172043761
2020-02-09,9863.89,10129.44,9850.39,10116.67,35807884663
2020-02-10,10115.56,10165.77,9784.56,9856.61,39386548074
2020-02-11,9855.89,10210.05,9729.33,10208.24,37648059388
2020-02-12,10202.39,10393.61,10202.39,10326.05,43444303830
2020-02-13,10323.96,10457.63,10116.16,10214.38,49356071372
2020-02-14,10211.55,10322.00,10125.53,10312.12,43338264161
2020-02-15,10313.86,10341.56,9874.43,9889.42,43865054831
2020-02-16,9889.18,10053.97,9722.39,9934.43,43374780305
2020-02-17,9936.56,9938.82,9507.64,9690.14,45998298412
2020-02-18,9691.23,10161.94,9632.38,10142.00,47271023953
2020-02-19,10143.80,10191.68,9611.22,9633.39,46992019709
2020-02-20,9629.33,9643.22,9507.90,9608.48,44925260236
2020-02-21,9611.78,9723.01,9589.74,9686.44,40930547512
2020-02-22,9687.71,9698.23,9600.73,9663.18,35838025154
2020-02-23,9663.32,9937.40,9657.79,9924.52,41185185761
2020-02-24,9921.58,9951.75,9537.04,9650.17,45080496648
2020-02-25,9651.31,9652.74,9305.02,9341.71,42515259129
2020-02-26,9338.29,9354.78,8704.43,8820.52,50420050761
2020-02-27,8825.09,8932.89,8577.20,8784.49,45470195695
2020-02-28,8788.73,8890.46,8492.93,8672.46,44605450442
2020-02-29,8671.21,8775.63,8599.51,8599.51,35792392544
2020-03-01,8599.76,8726.80,8471.21,8562.45,35349164300
2020-03-02,8563.26,8921.31,8532.63,8869.67,42857674408
2020-03-03,8865.39,8901.60,8704.99,8787.79,42386715820
2020-03-04,8788.54,8843.37,8712.43,8755.25,34746706368
2020-03-05,8760.29,9142.05,8757.25,9078.76,39698054597
2020-03-06,9078.31,9167.70,9032.08,9122.55,40826885650
2020-03-07,9121.60,9163.22,8890.74,8909.95,36216930369
2020-03-08,8908.21,8914.34,8105.25,8108.12,39973102120
2020-03-09,8111.15,8177.79,7690.10,7923.64,46936995808
2020-03-10,7922.15,8136.95,7814.76,7909.73,42213940993
2020-03-11,7910.09,7950.81,7642.81,7911.43,38682762604
2020-03-12,7913.62,7929.12,4860.35,4970.79,53980357243
2020-03-13,5017.83,5838.11,4106.98,5563.71,74156772074
2020-03-14,5573.08,5625.23,5125.07,5200.37,36154506007
2020-03-15,5201.07,5836.65,5169.28,5392.31,33997889638
2020-03-16,5385.23,5385.23,4575.36,5014.48,45368026429
2020-03-17,5002.58,5371.35,4981.91,5225.63,38622642935
2020-03-18,5227.11,5331.83,5069.34,5238.44,37878801016
2020-03-19,5245.42,6329.74,5236.97,6191.19,51000731797
2020-03-20,6191.65,6844.26,5865.78,6198.78,54442976102
2020-03-21,6206.52,6378.14,5932.82,6185.07,42494390879
2020-03-22,6185.56,6359.70,5823.71,5830.25,40099664740
2020-03-23,5831.37,6443.93,5785.00,6416.31,46491915999
2020-03-24,6436.64,6789.02,6411.07,6734.80,48221910672
2020-03-25,6738.72,6892.51,6536.93,6681.06,44590107887
2020-03-26,6675.17,6735.46,6590.96,6716.44,35319797641
2020-03-27,6719.39,6793.84,6466.70,6469.80,34585598366
2020-03-28,6467.25,6467.50,6117.84,6242.19,34885225901
2020-03-29,6245.62,6250.47,5920.09,5922.04,28373690930
2020-03-30,5925.54,6517.20,5903.23,6429.84,37101651525
2020-03-31,6430.61,6504.52,6374.16,6438.64,32786468812
2020-04-01,6437.32,6612.57,6202.37,6606.78,40346426265
2020-04-02,6606.78,7088.25,6595.92,6793.62,47660646124
2020-04-03,6797.40,7003.22,6673.34,6733.39,38976504902
2020-04-04,6738.38,6878.95,6696.48,6867.53,33185988583
2020-04-05,6862.54,6883.41,6715.93,6791.13,29510409856
2020-04-06,6788.05,7271.78,6782.89,7271.78,46896904614
2020-04-07,7273.64,7427.94,7136.71,7176.41,44243482667
2020-04-08,7179.28,7356.22,7153.31,7334.10,37563249548
2020-04-09,7337.97,7341.45,7179.09,7302.09,34815139177
2020-04-10,7303.82,7303.82,6802.48,6865.49,43622840991
2020-04-11,6867.44,6926.07,6789.92,6859.08,31222085946
2020-04-12,6858.07,7119.95,6811.08,6971.09,35759567632
2020-04-13,6965.62,6965.62,6668.26,6845.04,38619308647
2020-04-14,6843.28,6958.56,6793.82,6842.43,34110434051
2020-04-15,6845.56,6928.66,6633.40,6642.11,32288311030
2020-04-16,6640.45,7134.45,6555.50,7116.80,46783242376
2020-04-17,7116.55,7167.18,7050.33,7096.18,32513423567
2020-04-18,7092.29,7269.96,7089.25,7257.67,32447188385
2020-04-19,7260.92,7280.52,7167.05,7189.42,31311210215
2020-04-20,7186.87,7240.29,6835.50,6881.96,37747113935
2020-04-21,6879.78,6934.55,6834.44,6880.32,32589741510
2020-04-22,6879.44,7145.87,6867.78,7117.21,33249153865
2020-04-23,7121.31,7491.79,7081.59,7429.72,43500782316
2020-04-24,7434.18,7574.20,7434.18,7550.90,34636526285
2020-04-25,7550.48,7641.36,7521.67,7569.94,32941541446
2020-04-26,7570.14,7700.59,7561.41,7679.87,33070154490
2020-04-27,7679.42,7795.60,7679.42,7795.60,36162144724
2020-04-28,7796.97,7814.53,7730.81,7807.06,33187959920
2020-04-29,7806.71,8871.75,7786.05,8801.04,60201052202
2020-04-30,8797.67,9440.65,8533.26,8658.55,66964629541
2020-05-01,8672.78,9048.02,8667.76,8864.77,44068389996
2020-05-02,8869.06,9007.19,8811.37,8988.60,40134388683
2020-05-03,8983.61,9167.78,8830.97,8897.47,47101785174
2020-05-04,8895.75,8956.91,8645.02,8912.65,45718796275
2020-05-05,8912.83,9062.42,8856.83,9003.07,43148462663
2020-05-06,9007.44,9411.47,8966.71,9268.76,49371886931
2020-05-07,9261.90,9992.66,9138.32,9951.52,61112700562
2020-05-08,9936.16,9996.74,9767.17,9842.67,51780748041
2020-05-09,9840.91,9913.86,9580.64,9593.90,46566121841
2020-05-10,9591.17,9595.58,8395.11,8756.43,63325279336
2020-05-11,8755.54,9033.47,8374.32,8601.80,57119858801
2020-05-12,8610.39,8949.90,8569.64,8804.48,42142717533
2020-05-13,8805.39,9317.88,8805.39,9269.99,45558144023
2020-05-14,9271.33,9793.27,9255.04,9733.72,56426907637
2020-05-15,9734.29,9755.83,9261.40,9328.20,48158802327
2020-05-16,9333.24,9564.21,9260.69,9377.01,36164766407
2020-05-17,9374.93,9823.00,9349.55,9670.74,40084250662
2020-05-18,9675.70,9906.03,9570.36,9726.58,41827139895
2020-05-19,9727.06,9836.05,9539.62,9729.04,39254288954
2020-05-20,9725.33,9804.79,9447.20,9522.98,36546239702
2020-05-21,9522.74,9555.24,8869.93,9081.76,39326160532
2020-05-22,9080.33,9232.94,9008.64,9182.58,29810773699
2020-05-23,9185.06,9302.50,9118.11,9209.29,27727866811
2020-05-24,9212.28,9288.40,8787.25,8790.37,32518803299
2020-05-25,8786.11,8951.01,8719.67,8906.93,31288157264
2020-05-26,8909.59,8991.97,8757.29,8835.05,29584186947
2020-05-27,8837.38,9203.32,8834.16,9181.02,32740536902
2020-05-28,9184.95,9546.32,9148.46,9525.75,34367073114
2020-05-29,9528.36,9573.67,9379.34,9439.12,32896642044
2020-05-30,9438.91,9704.03,9366.73,9700.41,32722975141
2020-05-31,9700.11,9700.34,9432.30,9461.06,27773290298
2020-06-01,9463.61,10199.57,9450.90,10167.27,35198901068
2020-06-02,10162.97,10182.34,9460.57,9529.80,39137252108
2020-06-03,9533.76,9682.86,9471.85,9656.72,25007459262
2020-06-04,9655.85,9887.61,9525.25,9800.64,25921805071
2020-06-05,9800.22,9869.24,9663.22,9665.53,23509628646
2020-06-06,9664.90,9773.43,9591.02,9653.68,20438419222
2020-06-07,9653.00,9768.50,9458.15,9758.85,25015250845
2020-06-08,9760.06,9782.31,9675.89,9771.49,21486346311
2020-06-09,9774.36,9836.37,9664.72,9795.70,23717842782
2020-06-10,9794.12,9908.90,9728.29,9870.09,25706567600
2020-06-11,9870.08,9938.30,9263.07,9321.78,30247143440
2020-06-12,9320.69,9540.47,9285.85,9480.84,22610564515
2020-06-13,9480.74,9493.21,9396.01,9475.28,17564322315
2020-06-14,9477.55,9482.27,9347.59,9386.79,18991732745
2020-06-15,9386.04,9504.86,8990.18,9450.70,26699704768
2020-06-16,9454.27,9579.43,9400.45,9538.02,21565537208
2020-06-17,9533.78,9540.42,9327.34,9480.25,20177709879
2020-06-18,9481.57,9482.78,9328.40,9411.84,17770083002
2020-06-19,9410.29,9440.88,9274.30,9288.02,19632223107
2020-06-20,9290.96,9394.97,9247.38,9332.34,17130541557
2020-06-21,9330.93,9401.11,9300.43,9303.63,15324301168
2020-06-22,9300.92,9655.07,9296.87,9648.72,21104009513
2020-06-23,9644.08,9670.54,9547.25,9629.66,17006433272
2020-06-24,9632.15,9680.37,9278.23,9313.61,18961716075
2020-06-25,9314.13,9340.16,9095.32,9264.81,18616048626
2020-06-26,9261.00,9310.52,9101.74,9162.92,18341465836
2020-06-27,9167.82,9207.81,8998.22,9045.39,17273093144
2020-06-28,9048.46,9197.55,8975.53,9143.58,14560870760
2020-06-29,9140.03,9237.57,9041.88,9190.85,16460547078
2020-06-30,9185.58,9217.84,9084.84,9137.99,15735797743
2020-07-01,9145.99,9309.75,9104.74,9228.33,15971550355
2020-07-02,9231.14,9274.96,9036.62,9123.41,16338916796
2020-07-03,9124.84,9202.34,9058.79,9087.30,13078970998
2020-07-04,9084.23,9183.30,9053.63,9132.49,12290528515
2020-07-05,9126.09,9162.18,8977.02,9073.94,12903406143
2020-07-06,9072.85,9375.47,9058.66,9375.47,17889263251
2020-07-07,9349.16,9360.62,9201.82,9252.28,13839652594
2020-07-08,9253.02,9450.34,9249.50,9428.33,19702359882
2020-07-09,9427.99,9431.38,9235.00,9277.97,18000702524
2020-07-10,9273.36,9287.47,9118.00,9278.81,16860035604
2020-07-11,9277.51,9293.53,9199.49,9240.35,13249910444
2020-07-12,9241.05,9319.42,9197.45,9276.50,14452361906
2020-07-13,9277.21,9306.41,9224.29,9243.61,17519821266
2020-07-14,9238.70,9283.84,9171.66,9243.21,18085038362
2020-07-15,9241.90,9275.33,9171.93,9192.84,15844731575
2020-07-16,9191.98,9214.31,9088.95,9132.23,15713967522
2020-07-17,9131.81,9182.25,9089.20,9151.39,13944570749
2020-07-18,9151.18,9230.98,9100.82,9159.04,12252601474
2020-07-19,9158.01,9201.40,9097.63,9185.82,12939002784
2020-07-20,9187.22,9214.27,9137.51,9164.23,13755604145
2020-07-21,9162.51,9407.26,9149.39,9374.89,18069581955
2020-07-22,9375.08,9530.52,9319.65,9525.36,16532254884
2020-07-23,9527.14,9610.25,9483.00,9581.07,18146399001
2020-07-24,9585.51,9623.34,9481.45,9536.89,16552768324
2020-07-25,9539.49,9704.56,9530.21,9677.11,16610070932
2020-07-26,9680.23,10023.81,9652.85,9905.17,20507998996
2020-07-27,9905.22,11298.22,9903.97,10990.87,35359749590
2020-07-28,11017.46,11204.33,10632.63,10912.82,28766551141
2020-07-29,10912.95,11304.40,10856.14,11100.47,24617249714
2020-07-30,11099.83,11169.36,10895.46,11111.21,22857247900
2020-07-31,11110.21,11415.86,10987.05,11323.47,23160469766
2020-08-01,11322.57,11794.78,11239.68,11759.59,26075670302
2020-08-02,11758.76,12034.14,11018.13,11053.61,27410067336
2020-08-03,11043.77,11453.08,11012.42,11246.35,20271713443
2020-08-04,11246.20,11385.38,11094.15,11205.89,21250197042
2020-08-05,11203.82,11786.62,11158.29,11747.02,24411254471
2020-08-06,11749.87,11902.34,11598.71,11779.77,23400740340
2020-08-07,11778.89,11898.04,11408.59,11601.47,23132312867
2020-08-08,11604.55,11800.06,11558.43,11754.05,17572057837
2020-08-09,11737.33,11806.06,11548.78,11675.74,17489608833
2020-08-10,11662.26,12045.14,11662.26,11878.11,26114112569
2020-08-11,11881.65,11932.71,11195.71,11410.53,27039782639
2020-08-12,11404.60,11748.40,11249.61,11584.93,25064548486
2020-08-13,11588.41,11796.40,11216.87,11784.14,27522199497
2020-08-14,11772.66,12150.99,11685.46,11768.87,24237958589
2020-08-15,11768.70,11963.20,11768.70,11865.70,23354924400
2020-08-16,11866.69,11934.90,11737.19,11892.80,20583375490
2020-08-17,11895.66,12359.06,11806.70,12254.40,28227687026
2020-08-18,12251.90,12335.71,11954.53,11991.23,26043227671
2020-08-19,11990.88,12028.92,11687.33,11758.28,24502851117
2020-08-20,11761.50,11900.41,11710.06,11878.37,20175242944
2020-08-21,11878.03,11899.26,11564.98,11592.49,23762425998
2020-08-22,11585.48,11689.41,11448.81,11681.83,20224191305
2020-08-23,11679.70,11713.43,11559.92,11664.85,18482062657
2020-08-24,11663.69,11807.63,11623.25,11774.60,20681511754
2020-08-25,11773.59,11778.30,11189.85,11366.13,26301509931
2020-08-26,11366.89,11530.05,11296.99,11488.36,22466660957
2020-08-27,11485.61,11570.79,11185.94,11323.40,23240415075
2020-08-28,11325.30,11545.62,11316.42,11542.50,19807127587
2020-08-29,11541.05,11585.64,11466.29,11506.87,17485597759
2020-08-30,11508.71,11715.26,11492.38,11711.51,19760127944
2020-08-31,11713.31,11768.88,11598.32,11680.82,22285928250
2020-09-01,11679.32,12067.08,11601.13,11970.48,27311555343
2020-09-02,11964.82,11964.82,11290.79,11414.03,28037405298
2020-09-03,11407.19,11443.02,10182.46,10245.30,31927261554
2020-09-04,10230.37,10663.92,10207.94,10511.81,29965130373
2020-09-05,10512.53,10581.57,9946.68,10169.57,44916565291
2020-09-06,10167.22,10353.93,10056.89,10280.35,37071460174
2020-09-07,10281.00,10399.15,9916.49,10369.56,33703098409
2020-09-08,10369.31,10414.78,9945.11,10131.52,33430927462
2020-09-09,10134.15,10350.54,10017.25,10242.35,24128292754
2020-09-10,10242.33,10503.91,10238.14,10363.14,54406443210
2020-09-11,10369.03,10434.92,10140.84,10400.92,45201121774
2020-09-12,10409.86,10578.84,10292.39,10442.17,36750077323
2020-09-13,10452.40,10577.21,10224.33,10323.76,36506852789
2020-09-14,10328.73,10800.01,10266.01,10680.84,35453581939
2020-09-15,10677.75,10938.63,10656.46,10796.95,32509451925
2020-09-16,10797.76,11100.12,10704.88,10974.91,30769986454
2020-09-17,10973.25,11037.42,10774.63,10948.99,38151810523
2020-09-18,10951.82,11034.91,10829.66,10944.59,26341903912
2020-09-19,10933.75,11134.09,10909.62,11094.35,22764204007
2020-09-20,11095.87,11095.87,10814.48,10938.27,24699523787
2020-09-21,10934.93,10988.30,10380.26,10462.26,28884999243
2020-09-22,10459.62,10568.08,10382.73,10538.46,23621787803
2020-09-23,10539.46,10637.85,10185.77,10225.86,22986733996
2020-09-24,10227.48,10765.79,10215.21,10745.55,23017536741
2020-09-25,10747.47,10757.55,10594.05,10702.29,21232549821
2020-09-26,10702.24,10778.50,10682.08,10754.44,18105012128
2020-09-27,10752.94,10804.73,10643.46,10774.43,18016880214
2020-09-28,10771.64,10949.12,10716.68,10721.33,22720365388
2020-09-29,10712.46,10858.94,10665.34,10848.83,20459870041
2020-09-30,10845.41,10856.53,10689.67,10787.62,20759622009
2020-10-01,10785.01,10915.84,10493.55,10623.33,27178227815
2020-10-02,10624.39,10662.81,10440.31,10585.16,23127839259
2020-10-03,10583.81,10614.09,10527.98,10565.49,17094010304
2020-10-04,10567.92,10700.79,10531.34,10684.43,17546792791
2020-10-05,10688.03,10804.00,10646.44,10804.00,19385191766
2020-10-06,10799.78,10803.46,10565.20,10621.66,22264958686
2020-10-07,10619.80,10687.27,10591.96,10679.14,17634388529
2020-10-08,10677.63,10939.80,10569.82,10923.63,21962121001
2020-10-09,10925.44,11105.85,10862.97,11079.47,22593173917
2020-10-10,11059.14,11442.21,11056.94,11296.36,22877978587
2020-10-11,11296.08,11428.81,11288.63,11384.18,19968627059
2020-10-12,11392.64,11698.47,11240.69,11555.36,26163972641
2020-10-13,11548.72,11548.98,11321.22,11425.90,24241420250
2020-10-14,11429.05,11539.98,11307.83,11429.51,24103426719
2020-10-15,11426.60,11569.91,11303.60,11495.35,24487233057
2020-10-16,11502.83,11540.06,11223.01,11322.12,25635480771
2020-10-17,11322.12,11386.26,11285.35,11358.10,19130430173
2020-10-18,11355.98,11483.36,11347.58,11483.36,18283314340
2020-10-19,11495.04,11799.09,11408.29,11742.04,23860769927
2020-10-20,11745.97,11999.92,11681.48,11916.33,30915821592
2020-10-21,11913.08,13184.57,11900.93,12823.69,43414712626
2020-10-22,12801.64,13161.59,12717.09,12965.89,34729759598
2020-10-23,12971.55,13015.96,12752.65,12931.54,28974975002
2020-10-24,12931.57,13145.07,12885.75,13108.06,24542317939
2020-10-25,13108.06,13329.18,12910.06,13031.17,24406920575
2020-10-26,13031.20,13225.30,12822.38,13075.25,29461458313
2020-10-27,13075.24,13759.67,13060.84,13654.22,33749878155
2020-10-28,13654.21,13837.70,12932.25,13271.29,35867318894
2020-10-29,13271.30,13612.05,12980.06,13437.88,56499499598
2020-10-30,13437.87,13651.52,13136.20,13546.52,30581485200
2020-10-31,13546.53,14028.21,13457.53,13781.00,30306464718
2020-11-01,13781.00,13862.03,13628.38,13737.11,24453857900
2020-11-02,13737.03,13808.32,13243.16,13550.49,30771455467
2020-11-03,13550.45,13984.98,13325.44,13950.30,29869951617
2020-11-04,13950.49,14218.77,13580.47,14133.71,35116364961
2020-11-05,14133.73,15706.40,14102.09,15579.85,40856321438
2020-11-06,15579.73,15903.44,15226.84,15565.88,39837841971
2020-11-07,15565.88,15737.10,14423.20,14833.75,35024953705
2020-11-08,14833.75,15637.32,14744.11,15479.57,26632075028
2020-11-09,15479.60,15785.14,14865.53,15332.32,34149115565
2020-11-10,15332.35,15450.33,15124.96,15290.90,25574938143
2020-11-11,15290.91,15916.26,15290.01,15701.34,29772374934
2020-11-12,15701.30,16305.00,15534.77,16276.34,34175758344
2020-11-13,16276.44,16463.18,15992.15,16317.81,31599492172
2020-11-14,16317.81,16317.81,15749.19,16068.14,27481710135
2020-11-15,16068.14,16123.11,15793.53,15955.59,23653867582
2020-11-16,15955.58,16816.18,15880.71,16716.11,31526766675
2020-11-17,16685.69,17782.92,16564.54,17645.41,39006849169
2020-11-18,17645.19,18393.95,17352.91,17804.01,49064800277
2020-11-19,17803.86,18119.55,17382.55,17817.09,36985055355
2020-11-20,17817.08,18773.23,17765.79,18621.31,36992873939
2020-11-21,18621.32,18936.62,18444.36,18642.23,39650210707
2020-11-22,18642.23,18688.97,17671.38,18370.00,41280434225
2020-11-23,18370.02,18711.43,18000.80,18364.12,42741112307
2020-11-24,18365.02,19348.27,18128.66,19107.46,51469565008
2020-11-25,19104.41,19390.96,18581.15,18732.12,43710357371
2020-11-26,18729.84,18866.29,16351.04,17150.62,61396835736
2020-11-27,17153.91,17445.02,16526.42,17108.40,38886494645
2020-11-28,17112.93,17853.94,16910.65,17717.41,32601040733
2020-11-29,17719.63,18283.63,17559.12,18177.48,31133957704
2020-11-30,18178.32,19749.26,18178.32,19625.84,47728480399
2020-12-01,19633.77,19845.97,18321.92,18803.00,49633658712
2020-12-02,18801.74,19308.33,18347.72,19201.09,37387697138
2020-12-03,19205.93,19566.19,18925.79,19445.40,31930317405
2020-12-04,19446.97,19511.40,18697.19,18699.77,33872388057
2020-12-05,18698.38,19160.45,18590.19,19154.23,27242455063
2020-12-06,19154.18,19390.50,18897.89,19345.12,25293775714
2020-12-07,19343.13,19411.83,18931.14,19191.63,26896357742
2020-12-08,19191.53,19283.48,18269.95,18321.14,31692288756
2020-12-09,18320.88,18626.29,17935.55,18553.92,34420373071
2020-12-10,18553.30,18553.30,17957.06,18264.99,25547132265
2020-12-11,18263.93,18268.45,17619.53,18058.90,27919640985
2020-12-12,18051.32,18919.55,18046.04,18803.66,21752580802
2020-12-13,18806.77,19381.54,18734.33,19142.38,25450468637
2020-12-14,19144.49,19305.10,19012.71,19246.64,22473997681
2020-12-15,19246.92,19525.01,19079.84,19417.08,26741982541
2020-12-16,19418.82,21458.91,19298.32,21310.60,44409011479
2020-12-17,22674.05,23586.91,21237.53,22885.93,67490234368
